name,price,product,category
Young Bucks,14.99,Young Bucks Holiday 2022 Ornament (Limited Edition 200 Available),Accessories
Young Bucks,24.99,Matt Jackson - AEW Unrivaled 7,Figures
Young Bucks,24.99,Nick Jackson - AEW Unrivaled 7,Figures
Young Bucks,4.99,Young Bucks - Elite Bucks Neon Sticker,Stickers
Young Bucks,4.99,Young Bucks - Bucks Money Sticker,Stickers
Young Bucks,4.99,Superkliq - Kiss of Death Sticker,Stickers
Young Bucks,21.99,Young Bucks Money All Over Print Flip Flops,Footwear
Young Bucks,24.99,"YOUNG BUCKS - MONEY SUBLIMATED FLAG - 60"" X 35""",Flags
Young Bucks,29.99,"Young Bucks Money 30""x60"" Towel",Towels
Young Bucks,29.99,"Young Bucks - AEW 2022 Summer Series 30""x60"" Beach Towel",Towels
Young Bucks,24.99,Young Bucks - Money Tie,Neckwear
Young Bucks,12.99,Young Bucks - Deer Mask w/ Filter Pocket (Includes 2 Filters),Masks
Young Bucks,49.99,Elite Christmas Sweatshirt,Sweatshirts & Jackets
Young Bucks,54.99,Young Bucks - Killing The Business Zip Hoodie,Sweatshirts & Jackets
Young Bucks,49.99,The Elite - The Gift That Keeps on Giving Holiday Sweatshirt,Sweatshirts & Jackets
Young Bucks,54.99,Young Bucks - Smile Zip Hoodie (Double Sided),Sweatshirts & Jackets
Young Bucks,14.99,Young Bucks - Be Elite Headband (Available in 5 Colors),Headwear
Young Bucks,24.99,Young Bucks - Killing The Business Cuff Beanie,Headwear
Young Bucks,24.99,Young Bucks - Killing The Business FlexFit Hat,Headwear
Young Bucks,34.99,Young Bucks - Aloha Rope Cap,Headwear
Young Bucks,29.99,Young Bucks - Matt and Nick Jacksonville T-shirt,Shirts
Young Bucks,29.99,Young Bucks - We Are All Elite,Shirts
Young Bucks,29.99,Young Bucks - All Elite Neon,Shirts
Young Bucks,29.99,Young Bucks - Superkick Fiesta,Shirts
Young Bucks,29.99,Young Bucks - Electric Lightning,Shirts
Young Bucks,29.99,Young Bucks - Killing The Business 2.0,Shirts
Young Bucks,29.99,Young Bucks - Do You Like To Party?,Shirts
Young Bucks,29.99,Young Bucks - Skull Kick,Shirts
Young Bucks,29.99,Young Bucks - Still Killing the Business,Shirts
Young Bucks,29.99,Young Bucks - Throwback,Shirts
Young Bucks,34.99,"Young Bucks ""Legacy"" - AEW x Clotheslined Apparel - Vintage Triblend Soft T-shirt",Shirts
Young Bucks,29.99,Young Bucks - Tie Dyed,Shirts
Young Bucks,29.99,Young Bucks - Money To Burn,Shirts
Young Bucks,29.99,Young Bucks - Zombie Bucks,Shirts
Young Bucks,29.99,AEW Full Gear 2020 Event Talent Poster Tee,Shirts
Young Bucks,29.99,Young Bucks - Enter the Young Bucks,Shirts
Young Bucks,29.99,Young Bucks - Champions,Shirts
Young Bucks,29.99,The Elite - 4 Life,Shirts
Young Bucks,29.99,Young Bucks - Money To Burn V2,Shirts
Young Bucks,29.99,Young Bucks - AEW Unrivaled Series 1 Figure Tee,Shirts
Young Bucks,29.99,AEW Revolution 2021 Poster Tee,Shirts
Young Bucks,29.99,Matt Jackson - AEW Unrivaled Series 3 Figure Tee,Shirts
Young Bucks,29.99,Nick Jackson - AEW Unrivaled Series 3 Figure Tee,Shirts
Young Bucks,29.99,Young Bucks - I Love to Hate the Young Bucks,Shirts
Young Bucks,29.99,Young Bucks - New Bio!,Shirts
Young Bucks,29.99,AEW Double or Nothing 2021 Full Talent (Front Print Only),Shirts
Young Bucks,29.99,Double or Nothing Matchup Young Bucks vs Jon Moxley and Eddie Kingston,Shirts
Young Bucks,29.99,Young Bucks - EVPs,Shirts
Young Bucks,29.99,The Elite - Globetrotter,Shirts
Young Bucks,34.99,All Out 2021 - Title Matches (Front Only),Shirts
Young Bucks,29.99,The Elite - The Elite is Complete,Shirts
Young Bucks,29.99,Superkliq - Kiss of Death,Shirts
Young Bucks,34.99,Young Bucks - Tie Dyed,Shirts
Young Bucks,29.99,Superkliq - Party,Shirts
Young Bucks,29.99,Young Bucks - Smile,Shirts
Young Bucks,29.99,Young Bucks BTE Trigger,Shirts
Young Bucks,29.99,Young Bucks - Smile Splatter,Shirts
Young Bucks,29.99,Undisputed Elite - Undisputed,Shirts
Young Bucks,34.99,Double or Nothing Matchup Young Bucks vs The Hardys - ELITE or DELETE,Shirts
Young Bucks,29.99,Young Bucks - Viva Los Young Bucks II,Shirts
Young Bucks,29.99,Young Bucks - 2 Time,Shirts
Young Bucks,29.99,Young Bucks - Cali,Shirts
Young Bucks,29.99,All Elite,Shirts
Young Bucks,34.99,Young Bucks - Summer Kick Party Tank Top,Shirts
Young Bucks,29.99,The Elite - Upgrade,Shirts
Young Bucks,29.99,Young Bucks - Iridescent Smile,Shirts
Young Bucks,34.99,AEW ALL OUT 2022 - Matchups Tee (Front Print Only),Shirts
William Regal,44.99,Blackpool Combat Club - Pullover Hoodie,Sweatshirts & Jackets
William Regal,54.99,Blackpool Combat Club - Forged in Combat Zip Hoodie (Double Sided),Sweatshirts & Jackets
William Regal,44.99,Blackpool Combat Club - Black Camo Pullover Hoodie,Sweatshirts & Jackets
William Regal,29.99,William Regal - Rogue to the Core,Shirts
William Regal,29.99,Blackpool Combat Club - Forged,Shirts
William Regal,29.99,Blackpool Combat Club - Aftermath,Shirts
William Regal,29.99,Blackpool Combat Club - Pact,Shirts
William Regal,29.99,AEW Blood and Guts 2022 Event T-Shirt,Shirts
William Regal,29.99,Blackpool Combat Club - Blood is Beautiful,Shirts
Will Hobbs,30,Powerhouse Hobbs - Official AEW Autographed 8x10,Autographed Items
Will Hobbs,29.99,Will Hobbs - Will Power,Shirts
Will Hobbs,29.99,Will Hobbs - Powerhouse,Shirts
Will Hobbs,29.99,Will Hobbs - I Break Backs,Shirts
Will Hobbs,29.99,Will Hobbs - Powerhouse Remix,Shirts
Wheeler Yuta,44.99,Blackpool Combat Club - Pullover Hoodie,Sweatshirts & Jackets
Wheeler Yuta,54.99,Blackpool Combat Club - Forged in Combat Zip Hoodie (Double Sided),Sweatshirts & Jackets
Wheeler Yuta,44.99,Blackpool Combat Club - Black Camo Pullover Hoodie,Sweatshirts & Jackets
Wheeler Yuta,29.99,Wheeler Yuta - Blur,Shirts
Wheeler Yuta,29.99,Blackpool Combat Club - Forged,Shirts
Wheeler Yuta,29.99,Blackpool Combat Club - Aftermath,Shirts
Wheeler Yuta,29.99,Wheeler Yuta - Paid in Blood,Shirts
Wheeler Yuta,29.99,Blackpool Combat Club - Pact,Shirts
Wheeler Yuta,29.99,AEW Blood and Guts 2022 Event T-Shirt,Shirts
Wheeler Yuta,29.99,Blackpool Combat Club - Blood is Beautiful,Shirts
Wardlow,29.99,Wardlow - Wardog Flatbill Snapback,Headwear
Wardlow,24.99,Wardlow - Wardog Cuff Beanie,Headwear
Wardlow,29.99,Wardlow - Sniper,Shirts
Wardlow,29.99,Wardlow - Mayhem Unleashed,Shirts
Wardlow,29.99,Wardlow - The Wardog,Shirts
Wardlow,29.99,Wardlow - Mayhem,Shirts
Wardlow,29.99,Wardlow - Wardlow's World,Shirts
Wardlow,29.99,Wardlow - Destroy EVERYONE,Shirts
Wardlow,29.99,Wardlow - All Elite WARDLOW,Shirts
Wardlow,29.99,Wardlow - This is War - AEW x Clotheslined Apparel,Shirts
Wardlow,29.99,Wardlow - AND NEW!,Shirts
Wardlow,29.99,Wardlow - Pin Me Wardaddy,Shirts
Wardlow,29.99,FTR & Wardlow - FTWAR,Shirts
Vickie Guerrero,24.99,"Vicious Vixens 30""x60"" Towel",Towels
Vickie Guerrero,29.99,Vickie Guerrero - All Business,Shirts
Vickie Guerrero,29.99,Vicious Vixens,Shirts
Vickie Guerrero,29.99,Vicious Vixens - Breaking Barbies,Shirts
Vickie Guerrero,29.99,Vickie Guerrero - On The Prowl,Shirts
Vickie Guerrero,29.99,Vicious Vixens - Cake and Violence,Shirts
Vicious Vixens,24.99,"Vicious Vixens 30""x60"" Towel",Towels
Vicious Vixens,29.99,Vicious Vixens - Cake and Violence,Shirts
Vicious Vixens,29.99,Vicious Vixens - Breaking Barbies,Shirts
Vicious Vixens,29.99,Vicious Vixens,Shirts
Varsity Blonds,29.99,Varsity Blonds - Varsity Blonds,Shirts
Varsity Blonds,29.99,Varsity Blonds - Valley,Shirts
Varsity Blonds,29.99,Varsity Blonds - Clubhouse,Shirts
Varsity Blonds,29.99,Varsity Blonds - 14 & 41 - AEW x Clotheslined Apparel,Shirts
Top Flight,40,Top Flight - Official AEW Autographed 8x10,Autographed Items
Top Flight,29.99,Top Flight - Turbulent,Shirts
Top Flight,29.99,"Top Flight - Minnesota Nice, Colder Than Ice",Shirts
Tony Nese,29.99,Tony Nese - The Premier Athlete,Shirts
Tony Nese,29.99,Tony Nese & Josh Woods - The Athlete and The Beast,Shirts
Toni Storm,24.99,Toni Storm is Your NEW AEW Interim Women's World Champion AEW ALL OUT 2022 - Memorable Moments Art Print,Posters
Toni Storm,29.99,Toni Storm - Experience Snapback Trucker Cap,Headwear
Toni Storm,29.99,Toni Storm - Experience,Shirts
Toni Storm,29.99,Toni Storm - Storm Zero World Tour 2022 - AEW x Clotheslined Apparel,Shirts
Toni Storm,29.99,Thunder Rosa & Toni Storm - ThunderStorm,Shirts
Toni Storm,29.99,Toni Storm - Lovesick,Shirts
Thunder Rosa,12.99,Babyface Brawlers Keychain - Thunder Rosa,Accessories
Thunder Rosa,29.99,Thunder Rosa - Strive Snapback Trucker Cap,Headwear
Thunder Rosa,29.99,Thunder Rosa - Thrive,Shirts
Thunder Rosa,29.99,Thunder Rosa - Bring the Thunder,Shirts
Thunder Rosa,34.99,Thunder Rosa Legacy - AEW x Clotheslined Apparel - Vintage Triblend Soft T-shirt,Shirts
Thunder Rosa,29.99,Thunder Rosa - Tijuana,Shirts
Thunder Rosa,34.99,AEW Revolution 2022 - Matchups Tee,Shirts
Thunder Rosa,29.99,Thunder Rosa - AND NEW,Shirts
Thunder Rosa,29.99,Thunder Rosa - Undisputed,Shirts
Thunder Rosa,29.99,Thunder Rosa - La Campeona,Shirts
Thunder Rosa,29.99,Thunder Rosa - La Mera Mera,Shirts
Thunder Rosa,29.99,Thunder Rosa & Toni Storm - ThunderStorm,Shirts
The Initiative,29.99,The Initiative,Shirts
The Dark Order,24.99,Stu Grayson - AEW Unmatched 3,Figures
The Dark Order,40,Evil Uno & Stu Grayson - Official AEW Autographed 8x10,Autographed Items
The Dark Order,13.99,Dark Order - Logo 11 oz. Mug,Drinkware
The Dark Order,24.99,Dark Order - Embroidered Fanny Pack,Bags
The Dark Order,4.99,Dark Order - Dark Order Logo Sticker,Stickers
The Dark Order,4.99,Dark Order - Join Dark Order Sticker,Stickers
The Dark Order,12.99,Evil Uno - Dark Order Face Mask,Masks
The Dark Order,12.99,Dark Order - Logo Mask W/ Filter Pocket (Includes 2 Filters),Masks
The Dark Order,44.99,Dark Order - Zip Hoodie,Sweatshirts & Jackets
The Dark Order,49.99,Dark Order - Merry and Dark Holiday Sweatshirt,Sweatshirts & Jackets
The Dark Order,59.99,Dark Order Logo Mineral Wash Hooded Sweatshirt,Sweatshirts & Jackets
The Dark Order,24.99,Dark Order - Logo Cuff Beanie,Headwear
The Dark Order,26.99,Dark Order - Logo Flatbill Snapback,Headwear
The Dark Order,29.99,Brodie Lee - Bearded Skull,Shirts
The Dark Order,29.99,Brodie Lee - The Exalted One,Shirts
The Dark Order,29.99,Brodie Lee - Enlightenment Revealed,Shirts
The Dark Order,29.99,Evil Uno - Evil Uno Wants You,Shirts
The Dark Order,29.99,Brodie Lee - Gold Eye,Shirts
The Dark Order,29.99,Dark Order - Join The Dark Order,Shirts
The Dark Order,29.99,Reynolds & Silver - Recruitment Specialists,Shirts
The Dark Order,29.99,Brodie Lee - Sinister,Shirts
The Dark Order,29.99,Dark Order - Join Dark Order X,Shirts
The Dark Order,29.99,Dark Order - 10,Shirts
The Dark Order,29.99,Evil Uno - Menace,Shirts
The Dark Order,29.99,Preston Vance - Join Dark Order,Shirts
The Dark Order,29.99,Reynolds & Silver - Hungiee & Handsome,Shirts
The Dark Order,29.99,Dark Order - Classified,Shirts
The Dark Order,29.99,Dark Order - Logo USA,Shirts
The Dark Order,29.99,Evil Uno - Evil Uno Fan Club,Shirts
The Dark Order,29.99,Dark Order - Everybody Can Join Dark Order,Shirts
The Dark Order,29.99,Dark Order - Join!,Shirts
The Dark Order,29.99,Colt Cabana - Boom Boom Dark Order,Shirts
The Dark Order,29.99,Dark Order - Budge Forever Always,Shirts
The Dark Order,29.99,Pres10 Vance - Splatter,Shirts
The Dark Order,29.99,Pres10 Vance & Negative 1 - Backup,Shirts
The Dark Order,29.99,Dark Order - Hail,Shirts
The Dark Order,29.99,Pres10 Vance - Split,Shirts
The Dark Order,29.99,Dark Order - We Have Juice,Shirts
The Dark Order,29.99,Dark Order - Dark Gourder,Shirts
"The Butcher, The Blade, & The Bunny",40,The Blade & The Butcher - Official AEW Autographed 8x10,Autographed Items
"The Butcher, The Blade, & The Bunny",12.99,The Butcher - Mustache Mask W/ Filter Pocket (Includes 2 Filters),Masks
"The Butcher, The Blade, & The Bunny",29.99,"The Butcher, The Blade & The Bunny - Cartoon",Shirts
"The Butcher, The Blade, & The Bunny",29.99,"The Butcher, The Blade & Bunny - Facemask",Shirts
"The Butcher, The Blade, & The Bunny",29.99,The Butcher & The Blade - The Cosmic Adventures,Shirts
"The Butcher, The Blade, & The Bunny",29.99,The Butcher & The Blade - Monsters,Shirts
"The Butcher, The Blade, & The Bunny",29.99,Villains for Hire,Shirts
"The Butcher, The Blade, & The Bunny",29.99,The Butcher,Shirts
"The Butcher, The Blade, & The Bunny",29.99,Cutthroat,Shirts
"The Butcher, The Blade, & The Bunny",29.99,Grindhouse,Shirts
"The Butcher, The Blade, & The Bunny",29.99,The Butcher - Skull,Shirts
The Acclaimed,24.99,Scissor Me Daddy A$$! AEW ALL OUT 2022 - Memorable Moments Art Print,Posters
The Acclaimed,24.99,AND NEW! The Acclaimed have FINALLY Arrived! - AEW Dynamite Grand Slam 9-21-2022 - Memorable Moments Art Print,Posters
The Acclaimed,4.99,The Acclaimed - Scissor Me Sticker,Stickers
The Acclaimed,29.99,The Acclaimed - Have Arrived Snapback Trucker Cap,Headwear
The Acclaimed,29.99,The Acclaimed - Freestyle,Shirts
The Acclaimed,29.99,The Acclaimed - Moves That Thrill Rhymes That Kill,Shirts
The Acclaimed,29.99,The Acclaimed - Has Arrived,Shirts
The Acclaimed,29.99,The Acclaimed - Everyone Loves The Acclaimed - AEW x Clotheslined Apparel,Shirts
The Acclaimed,29.99,The Acclaimed - Have Arrived,Shirts
The Acclaimed,29.99,The Acclaimed - Trash Day,Shirts
The Acclaimed,29.99,The Acclaimed - Scissor Me Daddy Ass,Shirts
The Acclaimed,34.99,AEW ALL OUT 2022 - Matchups Tee (Front Print Only),Shirts
The Acclaimed,29.99,The Acclaimed - Acclaimed Every Wednesday,Shirts
Taz,29.99,Taz - Team Taz,Shirts
Taz,29.99,Taz - FTW,Shirts
Tay Melo,29.99,Tay Conti - Prism,Shirts
Tay Melo,29.99,Tay Conti - Black Belt,Shirts
Tay Melo,29.99,Sammy Guevara & Tay Conti - Spanish God & Brazilian Goddess,Shirts
Tay Melo,29.99,Tay Melo - Melo,Shirts
Swerve Strickland,29.99,Swerve Strickland - Swerve,Shirts
Swerve Strickland,29.99,Swerve Strickland & Keith Lee - Swerve in our Glory,Shirts
Swerve Strickland,29.99,Swerve in Our Glory - AND NEW!,Shirts
Swerve Strickland,34.99,AEW ALL OUT 2022 - Matchups Tee (Front Print Only),Shirts
Swerve Strickland,29.99,Swerve in Our Glory - Halloween Glow 2022 Series,Shirts
Sting,30,Sting - Scorpion Gloves,Accessories
Sting,14.99,Sting Holiday 2022 Ornament (Limited Edition 200 Available),Accessories
Sting,12.99,Sting - Defender Limited Collectors Pin,Lapel Pins
Sting,29.99,"Darby Allin, Sting & CM Punk - War Paint Poster Print",Posters
Sting,24.99,IT'S STING! - Memorable Moments Art Print,Posters
Sting,4.99,Sting - Justice Sticker,Stickers
Sting,4.99,Sting - Defender Sticker,Stickers
Sting,4.99,"Darby Allin, Sting & CM Punk - War Paint Sticker",Stickers
Sting,6.99,"Sting - Defender 3"" Circle Patch",Stickers
Sting,29.99,"Sting - AEW 2022 Summer Series 30""x60"" Beach Towel",Towels
Sting,54.99,Sting - The Icon Zip Hoodie,Sweatshirts & Jackets
Sting,49.99,Sting - Winter Is Here Holiday Sweatshirt,Sweatshirts & Jackets
Sting,26.99,Sting - Justice Flatbill Snapback,Headwear
Sting,24.99,Sting - Defender Cuff Beanie,Headwear
Sting,29.99,Sting - Justice,Shirts
Sting,29.99,Sting - Defender,Shirts
Sting,29.99,AEW Revolution 2021 Poster Tee,Shirts
Sting,29.99,Sting & Darby Allin - Allies,Shirts
Sting,29.99,Sting - Eternal,Shirts
Sting,29.99,AEW Double or Nothing 2021 Full Talent (Front Print Only),Shirts
Sting,29.99,Sting - Scorpion,Shirts
Sting,29.99,Sting - Defender USA,Shirts
Sting,34.99,Sting Legacy - AEW x Clotheslined Apparel - Vintage Triblend Soft T-shirt,Shirts
Sting,34.99,All Out 2021 Matchup - CM Punk vs Darby Allin with Sting (Front Only),Shirts
Sting,29.99,Sting - Poison,Shirts
Sting,29.99,"Darby Allin, Sting & CM Punk - War Paint",Shirts
Sting,29.99,Sting - It's STIIIIIIIING!,Shirts
Sting,29.99,"Jon Moxley, Scorpio Sky, Sting, Britt Baker and the Young Bucks - All Elite",Shirts
Sting,29.99,"Sting -The Man, The Myth, The Icon",Shirts
Sonny Kiss,30,Sonny Kiss - Official AEW Autographed 8x10,Autographed Items
Sonny Kiss,29.99,Sonny Kiss - Sonnylicious,Shirts
Sonny Kiss,29.99,Sonny Kiss - Fluidity,Shirts
Sonny Kiss,29.99,Sonny Kiss - Beautiful Badass,Shirts
Sonny Kiss,29.99,Sonny Kiss - Sonny is Money,Shirts
Skye Blue,29.99,Skye Blue - Ozone,Shirts
Shawn Spears,30,Shawn Spears - Official AEW Autographed 8x10,Autographed Items
Shawn Spears,12.99,Shawn Spears - Red Mask W/ Filter Pocket (Includes 2 Filters),Masks
Shawn Spears,24.99,Shawn Spears - Chairman Beanie,Headwear
Shawn Spears,29.99,Shawn Spears - Perfect10n,Shirts
Shawn Spears,29.99,Shawn Spears - The Chairman,Shirts
Shawn Spears,29.99,Shawn Spears - The Chairman Cometh,Shirts
Shawn Spears,29.99,Shawn Spears - Heartless,Shirts
Shawn Spears,29.99,Shawn Spears - Broken,Shirts
Shawn Spears,29.99,Shawn Spears - Canadian God,Shirts
Shawn Spears,29.99,Shawn Spears - Chair Enthusiast,Shirts
Shawn Spears,29.99,Shawn Spears - Just Swing It,Shirts
Shawn Spears,29.99,Shawn Spears - Giant Killer,Shirts
Shawn Spears,29.99,Shawn Spears - PERFECT10N Half-Skull,Shirts
Shawn Dean,29.99,Shawn Dean - I Beat You & You Know It,Shirts
Shawn Dean,29.99,Shawn Dean - Big Deal Energy,Shirts
Serena Deeb,30,Serena Deeb - Official AEW Autographed 8x10,Autographed Items
Serena Deeb,29.99,"Serena Deeb - Deeb's Dojo SUBLIMATED FLAG - 60"" X 35""",Flags
Serena Deeb,29.99,Serena Deeb - Serenaty,Shirts
Serena Deeb,29.99,Serena Deeb - Elevate Others,Shirts
Serena Deeb,29.99,Serena Deeb - The Woman of a Thousand Holds,Shirts
Serena Deeb,29.99,Serena Deeb - The Best Wrestler in the World,Shirts
Serena Deeb,29.99,Serena Deeb - The Professor of Professional Wrestling,Shirts
Scorpio Sky,24.99,Scorpio Sky - AEW Unrivaled 5,Figures
Scorpio Sky,75,Autographed Scorpio Sky - AEW Unrivaled 5 Figure,Figures
Scorpio Sky,30,Scorpio Sky - Official AEW Autographed 8x10,Autographed Items
Scorpio Sky,29.99,Scorpio Sky - Wrestling Savant,Shirts
Scorpio Sky,29.99,AEW Double or Nothing 2021 Full Talent (Front Print Only),Shirts
Scorpio Sky,29.99,Ethan Page and Scorpio Sky - Men of the Year,Shirts
Scorpio Sky,29.99,Ethan Page and Scorpio Sky - Men of the Year 2,Shirts
Scorpio Sky,29.99,Scorpio Sky - AND NEW!,Shirts
Scorpio Sky,29.99,All Elite,Shirts
Saraya,29.99,Saraya - You Can't Kill Me,Shirts
Saraya,29.99,Saraya - Back From The Dead,Shirts
Santana & Ortiz,24.99,Santana - AEW Unmatched 2,Figures
Santana & Ortiz,24.99,Ortiz - AEW Unmatched 2,Figures
Santana & Ortiz,11.99,Inner Circle Wrestling Pin,Lapel Pins
Santana & Ortiz,40,Santana & Ortiz - Official AEW Autographed 8x10,Autographed Items
Santana & Ortiz,24.99,"AEW Double or Nothing Anarchy in the Arena 18"" x 24"" Poster Print",Posters
Santana & Ortiz,21.99,Santana and Ortiz - Chancletas,Footwear
Santana & Ortiz,24.99,"Inner Circle - Spray Logo 30""x60"" Towel",Towels
Santana & Ortiz,12.99,Inner Circle - We Are Inner Circle Mask w/ Filter Pocket (Includes 2 Filters),Masks
Santana & Ortiz,19.99,Santana & Ortiz - Proud & Powerful Bandana,Masks
Santana & Ortiz,24.99,Inner Circle - Voodoo Cuff Beanie,Headwear
Santana & Ortiz,29.99,Santana and Ortiz - Proud and Powerful,Shirts
Santana & Ortiz,29.99,Santana and Ortiz - Graffiti,Shirts
Santana & Ortiz,29.99,Santana and Ortiz - A Little Bit of the 40,Shirts
Santana & Ortiz,29.99,Inner Circle - Spray Paint,Shirts
Santana & Ortiz,29.99,Santana & Ortiz - Cartoon,Shirts
Santana & Ortiz,29.99,Santana & Ortiz - Boom Box,Shirts
Santana & Ortiz,29.99,Santana & Ortiz - Siempre Pa'lante,Shirts
Santana & Ortiz,29.99,Santana & Ortiz - Pay Your Dues,Shirts
Santana & Ortiz,29.99,Inner Circle - Voodoo,Shirts
Santana & Ortiz,29.99,Inner Circle - I WANT to Join Inner Circle,Shirts
Santana & Ortiz,29.99,Inner Circle - Vegas Vacation,Shirts
Santana & Ortiz,29.99,Inner Circle - Back In Black,Shirts
Santana & Ortiz,29.99,Inner Circle - Squad,Shirts
Santana & Ortiz,29.99,2021 Stadium Stampede Champions,Shirts
Santana & Ortiz,29.99,Inner Circle - Genesis,Shirts
Santana & Ortiz,29.99,Inner Circle - IC USA,Shirts
Santana & Ortiz,29.99,Santana and Ortiz - The Best,Shirts
Santana & Ortiz,29.99,Santana & Ortiz - Proud & Powerful - AEW x Clotheslined Apparel,Shirts
Santana & Ortiz,29.99,AEW Blood and Guts 2022 Event T-Shirt,Shirts
Samoa Joe,29.99,Samoa Joe - Submission Specialist,Shirts
Sammy Guevara,24.99,Sammy Guevara - AEW Unmatched 5,Figures
Sammy Guevara,11.99,Inner Circle Wrestling Pin,Lapel Pins
Sammy Guevara,24.99,Hangman Adam Page Chasing Sammy Guevara at Stadium Stampede 2020 - Memorable Moments Art Print,Posters
Sammy Guevara,24.99,"Inner Circle - Spray Logo 30""x60"" Towel",Towels
Sammy Guevara,12.99,Inner Circle - We Are Inner Circle Mask w/ Filter Pocket (Includes 2 Filters),Masks
Sammy Guevara,135,Sammy Guevara - Spanish God Satin Bomber Jacket - Double Sided,Sweatshirts & Jackets
Sammy Guevara,26.99,Inner Circle Logo - Flatbill Snapback,Headwear
Sammy Guevara,24.99,Inner Circle - Voodoo Cuff Beanie,Headwear
Sammy Guevara,29.99,Sammy Guevara - All Elite Panda,Shirts
Sammy Guevara,29.99,Sammy Guevara - The Best Ever (Avail. In 2 Colors),Shirts
Sammy Guevara,29.99,Inner Circle - All Elite Wrestling,Shirts
Sammy Guevara,29.99,Sammy Guevara - Spanish God,Shirts
Sammy Guevara,29.99,Inner Circle - Spray Paint,Shirts
Sammy Guevara,29.99,Sammy Guevara - Hit Me Up,Shirts
Sammy Guevara,29.99,Sammy Guevara - Stained Glass (Available in 2 Colors),Shirts
Sammy Guevara,29.99,Chris Jericho & Sammy Guevara - Le Sex Gods,Shirts
Sammy Guevara,29.99,Sammy Guevara - Run Sammy Run,Shirts
Sammy Guevara,29.99,Sammy Guevara - Dios Espa??ol,Shirts
Sammy Guevara,29.99,Sammy Guevara - Conquer the World,Shirts
Sammy Guevara,29.99,Inner Circle - Voodoo,Shirts
Sammy Guevara,29.99,Inner Circle - I WANT to Join Inner Circle,Shirts
Sammy Guevara,29.99,Sammy Guevara & Matt Hardy - Drive Sammy Drive,Shirts
Sammy Guevara,29.99,Inner Circle - Vegas Vacation,Shirts
Sammy Guevara,29.99,Sammy Guevara - Work,Shirts
Sammy Guevara,29.99,Inner Circle - Back In Black,Shirts
Sammy Guevara,29.99,Inner Circle - Squad,Shirts
Sammy Guevara,29.99,2021 Stadium Stampede Champions,Shirts
Sammy Guevara,29.99,Inner Circle - Genesis,Shirts
Sammy Guevara,29.99,Inner Circle - IC USA,Shirts
Sammy Guevara,34.99,Sammy Guevara - AEW x Clotheslined Apparel - Vintage Triblend Soft T-shirt,Shirts
Sammy Guevara,29.99,Sammy Guevara - AND NEW,Shirts
Sammy Guevara,29.99,AEW - The Four Pillars of All Elite Wrestling,Shirts
Sammy Guevara,29.99,Sammy Guevara - Paid in Blood,Shirts
Sammy Guevara,29.99,AEW - The Real 4 Pillars of AEW,Shirts
Sammy Guevara,29.99,Sammy Guevara & Tay Conti - Spanish God & Brazilian Goddess,Shirts
Sammy Guevara,29.99,AEW Blood and Guts 2022 Event T-Shirt,Shirts
Sammy Guevara,29.99,Sammy Guevara - Neon City,Shirts
Ruby Soho,12.99,Ruby Soho - Runaway Limited Collectors Pin,Lapel Pins
Ruby Soho,4.99,Ruby Soho - Runaway Sticker,Stickers
Ruby Soho,4.99,Ruby Soho - Runaway Sticker (Orange),Stickers
Ruby Soho,29.99,Ruby Soho - Runaway Snapback Trucker Cap,Headwear
Ruby Soho,24.99,Ruby Soho - Runaway Cuff Beanie,Headwear
Ruby Soho,29.99,Ruby Soho - Runaway,Shirts
Ruby Soho,29.99,Ruby Soho - Ruby Ruby Ruby Ruby Soho,Shirts
Ruby Soho,29.99,Ruby Soho - Scream,Shirts
Riho,24.99,Riho - AEW Unrivaled 3,Figures
Riho,34.99,Riho - Flowers Baseball Tee,Specialty Shirts
Riho,29.99,Riho - AEW Unrivaled Series 3 Figure Tee,Shirts
Ricky Starks,30,Ricky Starks - Official AEW Autographed 8x10,Autographed Items
Ricky Starks,29.99,Ricky Starks - Vintage,Shirts
Ricky Starks,29.99,Ricky Starks - Absolute,Shirts
Ricky Starks,29.99,Ricky Starks - Ricky's Bizarre Adventure,Shirts
Ricky Starks,29.99,Ricky Starks - Sunset,Shirts
Ricky Starks,29.99,Ricky Starks - Spotlight,Shirts
Ricky Starks,29.99,Ricky Starks - Night Life,Shirts
Ricky Starks,29.99,Ricky Starks - Nitelite,Shirts
Rey Fenix,24.99,Rey Fenix - AEW Unrivaled 6,Figures
Rey Fenix,26.99,Death Triangle Logo - Flatbill Snapback,Headwear
Rey Fenix,29.99,Lucha Brothers - Graveyard,Shirts
Rey Fenix,29.99,Rey Fenix - AEW Unrivaled Series 2 Figure Tee,Shirts
Rey Fenix,29.99,Rey Fenix - Mexa King,Shirts
Rey Fenix,29.99,Rey Fenix - King Spray,Shirts
Red Velvet,24.99,Red Velvet - AEW Unmatched 5,Figures
Red Velvet,30,Red Velvet - Official AEW Autographed 8x10,Autographed Items
Red Velvet,29.99,Red Velvet - Sweet Tooth,Shirts
Red Velvet,29.99,Red Velvet - Stir It Up,Shirts
Rebel,29.99,Rebel - My Crutch is Clutch,Shirts
Rebel,29.99,Rebel - Siren,Shirts
QT Marshall,12.99,The Factory - Logo Limited Collectors Pin,Lapel Pins
QT Marshall,4.99,The Factory - Logo Sticker,Stickers
QT Marshall,24.99,The Factory FlexFit Hat,Headwear
QT Marshall,29.99,QT Marshall - Apple A Day,Shirts
QT Marshall,29.99,The Factory - Logo,Shirts
QT Marshall,29.99,QT Marshall - Fleet,Shirts
QT Marshall,29.99,The Factory - Usual Suspects,Shirts
Private Party,30,Private Party - Official AEW Autographed 8x10,Autographed Items
Private Party,7.99,Private Party - This Ain't Water Shot Glass,Drinkware
Private Party,29.99,Private Party - I'm Invited,Shirts
Private Party,29.99,Private Party - This Ain't Water,Shirts
Private Party,29.99,Private Party - Club 24oz,Shirts
Private Party,29.99,Private Party - Another Shot Is Calling,Shirts
Private Party,29.99,Private Party - The Party Just Got Started,Shirts
Private Party,29.99,"Private Party - Get Money, Drink & Party",Shirts
Private Party,29.99,Private Party - Life of the Party,Shirts
Pres10 Vance,29.99,Pres10 Vance - Split,Shirts
Peter Avalon,30,Peter Avalon - Official AEW Autographed 8x10,Autographed Items
Peter Avalon,29.99,Peter Avalon - P.P.A. All Day,Shirts
Peter Avalon,29.99,The Wingmen - Illustrated,Shirts
Peter Avalon,29.99,Peter Avalon - Best Marti-knees in Town!,Shirts
Penta El Zero M,50,Penta El Zero M- Official AEW Autographed 8x10,Autographed Items
Penta El Zero M,12.99,Penta El Zero M - Penta Mask w/ Filter Pocket (Includes 2 Filters),Masks
Penta El Zero M,26.99,Penta El Zero M - Flatbill Snapback,Headwear
Penta El Zero M,26.99,Death Triangle Logo - Flatbill Snapback,Headwear
Penta El Zero M,29.99,Lucha Brothers - Graveyard,Shirts
Penta El Zero M,29.99,Pentagon Jr. - AEW Unrivaled Series 2 Figure Tee,Shirts
Penta El Zero M,29.99,Penta El Zero M - Zombie,Shirts
Penta El Zero M,29.99,Penta El Zero M - Penta Says,Shirts
Penta El Zero M,29.99,Penta El Zero M - Headdress,Shirts
Penta El Zero M,29.99,Penta El Zero M - Zero Miedo En Lo Oscuro,Shirts
Penta El Zero M,29.99,Penta El Zero M - L??pida Oscura,Shirts
Penelope Ford,40,Kip Sabian & Penelope Ford - Official AEW Autographed 8x10,Autographed Items
Penelope Ford,29.99,Penelope Ford - Penelope,Shirts
Penelope Ford,29.99,Kip & Penelope - Superbad,Shirts
Penelope Ford,29.99,Penelope Ford - She's Superbad,Shirts
Penelope Ford,29.99,Penelope Ford - She's Superbad!,Shirts
Penelope Ford,29.99,Penelope Ford - Lipstick,Shirts
Penelope Ford,29.99,Kip Sabian & Penelope Ford - Halloween Glow 2022 Series,Shirts
Paul Wight,50,Paul Wight - Official AEW Autographed 8x10,Autographed Items
Paul Wight,13.99,Paul Wight - No More BS 11 oz. Mug,Drinkware
Paul Wight,54.99,Paul Wight - No More BS Zip Hoodie,Sweatshirts & Jackets
Paul Wight,24.99,Paul Wight - No More BS Cuff Beanie,Headwear
Paul Wight,29.99,Paul Wight - No More BS,Shirts
Paul Wight,29.99,Paul Wight - No More BS Crest,Shirts
PAC,24.99,And NEW!!! Your AEW World Trios Champions - Death Triangle! AEW Dynamite 9-7-2022 - Memorable Moments Art Print,Posters
PAC,6.99,"Death Triangle - Logo 3"" Circle Patch",Stickers
PAC,26.99,Death Triangle Logo - Flatbill Snapback,Headwear
PAC,29.99,Death Triangle Logo,Shirts
PAC,29.99,Pac - Sinister,Shirts
PAC,29.99,PAC - The Bastard PAC,Shirts
PAC,29.99,Pac - That Bastard PAC,Shirts
PAC,29.99,Pac - AEW Unrivaled Series 3 Figure Tee,Shirts
PAC,29.99,Double or Nothing Matchup Orange Cassidy vs Kenny Omega vs Pac (Front Print Only),Shirts
PAC,29.99,AEW Double or Nothing 2021 Full Talent (Front Print Only),Shirts
PAC,29.99,Pac - The Bastard,Shirts
PAC,29.99,Death Triangle - Curse,Shirts
PAC,29.99,PAC - Incorruptible Bastard,Shirts
PAC,29.99,PAC - Bloodshot,Shirts
PAC,29.99,Death Triangle - Triclops,Shirts
Ortiz,29.99,Ortiz - Still the Illest,Shirts
Orange Cassidy,19.99,Orange Cassidy - Foam Finger (Double Sided),Accessories
Orange Cassidy,24.99,Orange Cassidy - AEW Unrivaled 8,Figures
Orange Cassidy,49.99,Orange Cassidy Limited Edition Bobble Brawler (Hand Numbered 1-360),Figures
Orange Cassidy,34.99,"The Danhausen Curse Art Print - Created By EML Art - 18""x24"" (Only 100 Available)",Posters
Orange Cassidy,13.99,Orange Cassidy - Freshly Squeezed 11 oz. Mug,Drinkware
Orange Cassidy,4.99,Orange Cassidy - Freshly Squeezed Sticker,Stickers
Orange Cassidy,4.99,Orange Cassidy - Freshly Squeezed Portrait Sticker,Stickers
Orange Cassidy,24.99,"ORANGE CASSIDY - FRESHLY SQUEEZED SUBLIMATED FLAG - 60"" X 35""",Flags
Orange Cassidy,24.99,"ORANGE CASSSIDY - YEARBOOK PHOTO SUBLIMATED FLAG - 60"" X 35""",Flags
Orange Cassidy,24.99,"Orange Cassidy - Freshly Squeezed 30""x60"" Towel",Towels
Orange Cassidy,24.99,"Orange Cassidy - Yearbook Photo 30""x60"" Towel",Towels
Orange Cassidy,24.99,"Best Friends - Best Skeletons 12""x44"" Gym Towel",Towels
Orange Cassidy,12.99,Orange Cassidy - Freshly Squeezed Mask w/ Filter Pocket (Includes 2 Filters),Masks
Orange Cassidy,49.99,Orange Cassidy - Happy Whatever Holiday Sweatshirt,Sweatshirts & Jackets
Orange Cassidy,49.99,Orange Cassidy - Merry or Happy Whatever Holiday Sweatshirt,Sweatshirts & Jackets
Orange Cassidy,69.99,Orange Cassidy - Embroidered Unisex Denim Jacket,Sweatshirts & Jackets
Orange Cassidy,24.99,Orange Cassidy - Foam Trucker Snapback,Headwear
Orange Cassidy,24.99,Orange Cassidy - Freshly Squeezed Cuff Beanie,Headwear
Orange Cassidy,29.99,Orange Cassidy - Whatever Snapback Trucker Cap,Headwear
Orange Cassidy,29.99,Orange Cassidy - Freshly Squeezed,Shirts
Orange Cassidy,29.99,Orange Cassidy - Yearbook Photo,Shirts
Orange Cassidy,29.99,Best Friends & Orange Cassidy - Best Friends Trio Cartoon,Shirts
Orange Cassidy,29.99,Orange Cassidy - Hardcore,Shirts
Orange Cassidy,34.99,"Orange Cassidy ""Legacy"" - AEW x Clotheslined Apparel - Vintage Triblend Soft T-shirt",Shirts
Orange Cassidy,29.99,AEW All Out 2020 Event Talent Poster Tee,Shirts
Orange Cassidy,29.99,Chris Jericho vs. Orange Cassidy - Mimosa Mayhem Matchup Tee,Shirts
Orange Cassidy,29.99,Best Friends & Orange Cassidy - Best FIENDS,Shirts
Orange Cassidy,29.99,Best Friends & Orange Cassidy - Bestest Friends,Shirts
Orange Cassidy,29.99,Orange Cassidy - Color By Numbers,Shirts
Orange Cassidy,29.99,Best Friends & Orange Cassidy - Best Friends Christmas Cartoon,Shirts
Orange Cassidy,29.99,Best Friends & Orange Cassidy - Valentine's Day,Shirts
Orange Cassidy,29.99,Best Friends & Orange Cassidy - St. Patrick's Day,Shirts
Orange Cassidy,29.99,Orange Cassidy - The Creation of Whatever,Shirts
Orange Cassidy,29.99,Orange Cassidy - AEW Unrivaled Series 3 Figure Tee,Shirts
Orange Cassidy,29.99,Extra Terrestrial,Shirts
Orange Cassidy,29.99,Double or Nothing Matchup Orange Cassidy vs Kenny Omega vs Pac (Front Print Only),Shirts
Orange Cassidy,29.99,AEW Double or Nothing 2021 Full Talent (Front Print Only),Shirts
Orange Cassidy,29.99,Orange Cassidy - OC USA,Shirts
Orange Cassidy,29.99,Orange Cassidy - Freshly Squeezed Pocket,Shirts
Orange Cassidy,34.99,Best Friends - Best Skeletons (Double-Sided),Shirts
Orange Cassidy,29.99,Orange Cassidy - Whatever,Shirts
Orange Cassidy,34.99,Best Friends  - Ring Tie Dye,Shirts
Orange Cassidy,29.99,Orange Cassidy - Shirt Picture,Shirts
Orange Cassidy,29.99,Orange Cassidy - Boo?,Shirts
Orange Cassidy,29.99,Orange Cassidy - Atlantic Orange,Shirts
Nyla Rose,24.99,Nyla Rose - AEW Unrivaled 7,Figures
Nyla Rose,30,Nyla Rose - Official AEW Autographed 8x10,Autographed Items
Nyla Rose,24.99,"Vicious Vixens 30""x60"" Towel",Towels
Nyla Rose,29.99,"Nyla Rose - AEW 2022 Summer Series 30""x60"" Beach Towel",Towels
Nyla Rose,19.99,Nyla Rose - Skull Face Bandana,Masks
Nyla Rose,12.99,Nyla Rose - Skull Mask W/ Filter Pocket (Includes 2 Filters),Masks
Nyla Rose,29.99,Nyla Rose - The Native Beast,Shirts
Nyla Rose,29.99,Nyla Rose - Arrow Head,Shirts
Nyla Rose,29.99,Nyla Rose - Beat Yo Ass World Tour 2020,Shirts
Nyla Rose,29.99,Vicious Vixens,Shirts
Nyla Rose,29.99,AEW Full Gear 2020 Event Talent Poster Tee,Shirts
Nyla Rose,29.99,Nyla Rose - Survivor,Shirts
Nyla Rose,29.99,Vicious Vixens - Breaking Barbies,Shirts
Nyla Rose,29.99,Nyla Rose - Surprise,Shirts
Nyla Rose,29.99,Vicious Vixens - Cake and Violence,Shirts
Nyla Rose,29.99,Nyla Rose - Crushing the Competition Since 2013,Shirts
Miro,24.99,Miro - AEW Unmatched 1,Figures
Miro,24.99,Miro - AEW Unrivaled 10,Figures
Miro,29.99,Miro - The Best Man,Shirts
Miro,29.99,AEW Double or Nothing 2021 Full Talent (Front Print Only),Shirts
Miro,29.99,Miro - The Final Boss,Shirts
Miro,29.99,Miro - The Redeemer,Shirts
Miro,29.99,Miro - I Am Redeemed,Shirts
Miro,29.99,Miro - The Prophecy,Shirts
Michael Nakazawa,29.99,Michael Nakazawa,Shirts
Michael Nakazawa,29.99,Michael Nakazawa - Untouchable,Shirts
MJF,24.99,MJF - AEW Unrivaled 6,Figures
MJF,24.99,MJF - AEW Unmatched 2,Figures
MJF,24.99,That is the Joker and That is the Winner AEW ALL OUT 2022 - Memorable Moments Art Print,Posters
MJF,4.99,MJF - Joker Sticker,Stickers
MJF,49.99,MJF - My Hanukkah is Better Sweatshirt,Sweatshirts & Jackets
MJF,29.99,MJF - Salt of the Earth,Shirts
MJF,29.99,MJF - Better Than You,Shirts
MJF,29.99,MJF - God's Gift,Shirts
MJF,29.99,MJF - I Hate MJF,Shirts
MJF,29.99,MJF - Defiance,Shirts
MJF,29.99,MJF - Distinguished,Shirts
MJF,29.99,MJF - Pedigree,Shirts
MJF,29.99,MJF - We Deserve Better,Shirts
MJF,34.99,"MJF ""Legacy"" - AEW x Clotheslined Apparel - Vintage Triblend Soft T-shirt",Shirts
MJF,29.99,AEW All Out 2020 Event Talent Poster Tee,Shirts
MJF,29.99,Chris Jericho & MJF - Le Dinner Debonair,Shirts
MJF,29.99,AEW Full Gear 2020 Event Talent Poster Tee,Shirts
MJF,29.99,MJF - Back-To-Back Diamond,Shirts
MJF,29.99,MJF - AEW Unrivaled Series 2 Figure Tee,Shirts
MJF,29.99,AEW Revolution 2021 Poster Tee,Shirts
MJF,29.99,MJF - Kiss the Ring,Shirts
MJF,29.99,MJF - Thank You,Shirts
MJF,29.99,AEW Double or Nothing 2021 Full Talent (Front Print Only),Shirts
MJF,29.99,"MJF - 3, Jeriblow - 0",Shirts
MJF,34.99,All Out 2021 Matchup - Chris Jericho vs MJF The Final Fight,Shirts
MJF,29.99,MJF - And You Know It,Shirts
MJF,29.99,"AEW - The Four Pillars of All Elite Wrestling (MJF, Jungle Boy, Sammy Guevara & Darby Allin)",Shirts
MJF,29.99,MJF - Past. Present. Future of Professional Wrestling,Shirts
MJF,29.99,MJF - 3-Peat,Shirts
MJF,29.99,MJF - MID!,Shirts
MJF,29.99,MJF - Better Than The Best In The World,Shirts
MJF,29.99,AEW Revolution Matchup - CM Punk Vs MJF Dog Collar Match,Shirts
MJF,29.99,MJF - Meet & Greet,Shirts
MJF,29.99,MJF - Meet & Greet (Blood Variant),Shirts
MJF,29.99,MJF - Dr. Heel and Piper,Shirts
MJF,29.99,MJF - The Greatest Trick the Devil Ever Pulled,Shirts
MJF,29.99,MJF - I'm a Devil Worshipper,Shirts
MJF,29.99,MJF - Worship Me,Shirts
MJF,29.99,MJF - Generational Talent,Shirts
Matt Sydal,29.99,Matt Sydal - Visionary,Shirts
Matt Sydal,29.99,Matt Sydal - Eye of the Storm,Shirts
Matt Menard,29.99,Daddy Magic - Magic Man,Shirts
Matt Menard,29.99,Daddy Magic - Simply Magic - AEW x Clotheslined Apparel,Shirts
Matt Menard,29.99,AEW Blood and Guts 2022 Event T-Shirt,Shirts
Matt Hardy,50,Matt Hardy - Official AEW Autographed 8x10,Autographed Items
Matt Hardy,13.99,Matt Hardy - The Truth is the Truth 11 oz. Mug,Drinkware
Matt Hardy,24.99,"Matt Hardy - All Delete Wrestling 30""x60"" Towel",Towels
Matt Hardy,12.99,Matt Hardy - All Delete Mask w/ Filter Pocket (Includes 2 Filters),Masks
Matt Hardy,29.99,Matt Hardy - My Delete is All Elite,Shirts
Matt Hardy,29.99,Matt Hardy - All DELETE Wrestling,Shirts
Matt Hardy,29.99,Matt Hardy - Delete the Urge,Shirts
Matt Hardy,29.99,Matt Hardy - The Multiverse,Shirts
Matt Hardy,29.99,Matt Hardy - I Don't Die,Shirts
Matt Hardy,29.99,Sammy Guevara & Matt Hardy - Drive Sammy Drive,Shirts
Matt Hardy,29.99,Matt Hardy - The Truth is The Truth,Shirts
Matt Hardy,29.99,Matt Hardy - Hardy Family Office,Shirts
Matt Hardy,29.99,The Hardys - Blood Over Everything,Shirts
Matt Hardy,29.99,The Hardys - Infinite,Shirts
Matt Hardy,34.99,Double or Nothing Matchup Young Bucks vs The Hardys - ELITE or DELETE,Shirts
Matt Hardy,29.99,The Delete,Shirts
Marina Shafir,29.99,Marina Shafir - The Problem,Shirts
Marina Shafir,29.99,Marina Shafir - Self Defense is Non-Negotiable,Shirts
Malakai Black,12.99,Babyface Brawlers Keychain - Malakai Black,Accessories
Malakai Black,12.99,Malakai Black - Wicked Hands Suffer Limited Collectors Pin,Lapel Pins
Malakai Black,24.99,Malakai Black's Epic First AEW Entrance - Memorable Moments Art Print,Posters
Malakai Black,13.99,Malakai Black - House Of Black Member 11 oz. Mug,Drinkware
Malakai Black,4.99,Malakai Black - Venom Sticker,Stickers
Malakai Black,14.99,Malakai Black - Superkicks x AEW Series 1 Socks,Footwear
Malakai Black,29.99,"Malakai Black - Venom SUBLIMATED FLAG - 60"" X 35""",Flags
Malakai Black,29.99,"Malakai Black - All The Fakes Are Snakes SUBLIMATED FLAG - 60"" X 35""",Flags
Malakai Black,24.99,Malakai Black - House of Black Cuff Beanie,Headwear
Malakai Black,26.99,Malakai Black - Venom Flatbill Snapback,Headwear
Malakai Black,34.99,Malakai Black - Venom (Double-Sided),Shirts
Malakai Black,29.99,Malakai Black - House of Black,Shirts
Malakai Black,29.99,Malakai Black - Mask,Shirts
Malakai Black,34.99,Malakai Black Legacy - AEW x Clotheslined Apparel - Vintage Triblend Soft T-shirt,Shirts
Malakai Black,34.99,Malakai Black - House of Black Member (Double-Sided),Shirts
Malakai Black,29.99,Malakai Black - House of Black Stained,Shirts
Malakai Black,29.99,Malakai Black - House of Black Mask,Shirts
Malakai Black,34.99,Malakai Black - House Rules (Double-Sided),Shirts
Malakai Black,29.99,Malakai Black - Horned Death,Shirts
Malakai Black,29.99,Malakai Black - Now Awoken,Shirts
Malakai Black,34.99,Malakai Black - Wicked Hands Suffer (Double-Sided),Shirts
Malakai Black,29.99,Malakai Black - Worship the Old Gods,Shirts
Malakai Black,29.99,Kings of the Black Throne - House of Black - AEW x Clotheslined Apparel,Shirts
Malakai Black,29.99,House of Black - 3 Phases of Death,Shirts
Malakai Black,29.99,Malakai Black - Dark Truth (Front Print Only),Shirts
Malakai Black,34.99,Malakai Black - Dark Truth  (Double-Sided),Shirts
Malakai Black,29.99,House of Black - Monsters,Shirts
Malakai Black,29.99,Malakai Black - HOB,Shirts
Luther,30,Luther - Official AEW Autographed 8x10,Autographed Items
Luther,29.99,Luther - The Original Death Dealer,Shirts
Luther,29.99,Luther & Serpentico - Chaos Project,Shirts
Luther,29.99,Chaos Project - Utter Chaos,Shirts
Luchasaurus,12.99,Luchasaurus - Dino Face Mask,Masks
Luchasaurus,29.99,Jungle Boy and Luchasaurus,Shirts
Luchasaurus,29.99,Luchasaurus - Dino-Mite,Shirts
Luchasaurus,29.99,Luchasaurus - Head,Shirts
Luchasaurus,29.99,Jurassic Express - Emblem,Shirts
Luchasaurus,29.99,Jurassic Express - Fossil Fuel,Shirts
Luchasaurus,29.99,Jurassic Express - AND NEW,Shirts
Luchasaurus,29.99,Luchasaurus - The Right Hand of Destruction,Shirts
Lucha Bros,24.99,And NEW!!! Your AEW World Trios Champions - Death Triangle! AEW Dynamite 9-7-2022 - Memorable Moments Art Print,Posters
Lucha Bros,6.99,"Death Triangle - Logo 3"" Circle Patch",Stickers
Lucha Bros,6.99,"Lucha Bros 3"" Circle Patch",Stickers
Lucha Bros,4.99,Lucha Bros - Yin Yang Sticker,Stickers
Lucha Bros,29.99,Lucha Brothers - Graveyard,Shirts
Lucha Bros,29.99,Lucha Brothers - Split,Shirts
Lucha Bros,29.99,Death Triangle Logo,Shirts
Lucha Bros,29.99,Lucha Bros - Stitched,Shirts
Lucha Bros,29.99,Death Triangle - Curse,Shirts
Lucha Bros,34.99,All Out 2021 - Title Matches (Front Only),Shirts
Lucha Bros,29.99,Lucha Bros - AND NEW,Shirts
Lucha Bros,29.99,Lucha Bros - Brothers,Shirts
Lucha Bros,29.99,Penta El Zero M - Zero Miedo En Lo Oscuro,Shirts
Lucha Bros,29.99,Death Triangle - Triclops,Shirts
Lucha Bros,29.99,Lucha Bros - Alloy,Shirts
Leva Bates,30,Leva Bates - Official AEW Autographed 8x10,Autographed Items
Leva Bates,29.99,Leva Bates - Silence is Golden,Shirts
Lee Moriarty,29.99,Lee Moriarty - TAIGASTYLE,Shirts
Lee Johnson,29.99,Lee Johnson - The Writing's on the Wall,Shirts
Lance Archer,30,Lance Archer - Official AEW Autographed 8x10,Autographed Items
Lance Archer,30,Lee Johnson - Official AEW Autographed 8x10,Autographed Items
Lance Archer,12.99,Lance Archer - Appetite Mask w Filter Pocket (Includes 2 Filters),Masks
Lance Archer,29.99,Lance Archer - The Murderhawk Monster,Shirts
Lance Archer,29.99,Lance Archer - Body Parts,Shirts
Lance Archer,29.99,Lance Archer - Headhunter,Shirts
Lance Archer,29.99,Lance Archer - Appetite,Shirts
Lance Archer,29.99,Lance Archer - Fear the Monster,Shirts
Lance Archer,29.99,AEW Double or Nothing 2021 Full Talent (Front Print Only),Shirts
Lance Archer,29.99,Lance Archer - Immortal Monster,Shirts
Lance Archer,29.99,Lance Archer - Venomous,Shirts
Lance Archer,29.99,Lance Archer - Lance Archer vs Everybody,Shirts
Lance Archer,29.99,Lance Archer - Murderhawk Blood And Plunder,Shirts
Lance Archer,29.99,Lance Archer - Chum Bucket,Shirts
Kyle O'Reilly,12.99,Kyle O'Reilly - Violent Artist Limited Collectors Pin,Lapel Pins
Kyle O'Reilly,29.99,Undisputed Elite - Undisputed,Shirts
Kris Statlander,24.99,Kris Statlander - AEW Unrivaled 8,Figures
Kris Statlander,24.99,"Best Friends - Best Skeletons 12""x44"" Gym Towel",Towels
Kris Statlander,29.99,Kris Statlander - Galaxy,Shirts
Kris Statlander,29.99,Kris Statlander - Autopsy,Shirts
Kris Statlander,29.99,Extra Terrestrial,Shirts
Kris Statlander,29.99,Kris Statlander - Alien Life Form,Shirts
Kris Statlander,34.99,Kris Statlander - Encounter,Shirts
Kris Statlander,34.99,All Out 2021 - Title Matches (Front Only),Shirts
Kris Statlander,34.99,Best Friends - Best Skeletons (Double-Sided),Shirts
Kris Statlander,29.99,Kris Statlander - More Than A Woman,Shirts
Kris Statlander,29.99,Kris Statlander - Shogun,Shirts
Kris Statlander,34.99,Best Friends  - Ring Tie Dye,Shirts
Konosuke Takeshita,29.99,Konosuke Takeshita - Beacon,Shirts
Superbad Kip Sabian,40,Kip Sabian & Penelope Ford - Official AEW Autographed 8x10,Autographed Items
Superbad Kip Sabian,29.99,Kip Sabian - Superbad,Shirts
Superbad Kip Sabian,29.99,Kip & Penelope - Superbad,Shirts
Superbad Kip Sabian,29.99,Kip Sabian - SuperBad RoboArm,Shirts
Superbad Kip Sabian,29.99,"Kip Sabian - Under Rated, Over It",Shirts
Superbad Kip Sabian,29.99,"Kip Sabian - Under Rated, Over It",Shirts
Superbad Kip Sabian,29.99,Kip Sabian - Box Truck,Shirts
Superbad Kip Sabian,29.99,Kip Sabian & Penelope Ford - Halloween Glow 2022 Series,Shirts
Kenny Omega,24.99,Kenny Omega - AEW World Championship Replica Title Belt Engraved Champion Name Plate (Plastic),Accessories
Kenny Omega,24.99,Kenny Omega - AEW Unmatched 1,Figures
Kenny Omega,24.99,Kenny Omega - AEW Unmatched 5,Figures
Kenny Omega,29.99,Kenny Omega & Don Callis - Beefcakes Poster,Posters
Kenny Omega,24.99,Kenny Omega vs Jon Moxley Exploding Barbed Wire Death Match Revolution 2021 - Memorable Moments Art Print,Posters
Kenny Omega,12.99,Kenny Omega - Terminate Mask w/ Filter Pocket (Includes 2 Filters),Masks
Kenny Omega,54.99,Kenny Omega - Change the World Zip Hoodie,Sweatshirts & Jackets
Kenny Omega,49.99,The Elite - The Gift That Keeps on Giving Holiday Sweatshirt,Sweatshirts & Jackets
Kenny Omega,29.99,Double or Nothing Matchup: Chris Jericho Vs. Kenny Omega (Front Print Only),Shirts
Kenny Omega,29.99,Kenny Omega - Old School,Shirts
Kenny Omega,29.99,Kenny Omega - Battle Zone,Shirts
Kenny Omega,29.99,Kenny & Hangman,Shirts
Kenny Omega,29.99,Kenny Omega - Omegatron,Shirts
Kenny Omega,29.99,Kenny Omega - The Cleaner,Shirts
Kenny Omega,29.99,Kenny Omega - Golden Wings,Shirts
Kenny Omega,29.99,Kenny & Hangman - Last Call,Shirts
Kenny Omega,29.99,AEW All Out 2020 Event Talent Poster Tee,Shirts
Kenny Omega,29.99,Kenny Omega - Bang,Shirts
Kenny Omega,34.99,"Kenny Omega ""Legacy"" - AEW x Clotheslined Apparel - Vintage Triblend Soft T-shirt",Shirts
Kenny Omega,29.99,Kenny Omega - Continue?,Shirts
Kenny Omega,29.99,Kenny Omega - AND NEW,Shirts
Kenny Omega,29.99,The Elite - 4 Life,Shirts
Kenny Omega,29.99,Kenny Omega & Don Callis - Beefcakes,Shirts
Kenny Omega,29.99,Kenny Omega - AEW Unrivaled Series 1 Figure Tee,Shirts
Kenny Omega,29.99,Kenny Omega - Mainframe,Shirts
Kenny Omega,29.99,AEW Revolution 2021 Poster Tee,Shirts
Kenny Omega,29.99,Kenny Omega vs  Jon Moxley - Exploding Barbed Wire Death Match,Shirts
Kenny Omega,29.99,Double or Nothing Matchup Orange Cassidy vs Kenny Omega vs Pac (Front Print Only),Shirts
Kenny Omega,29.99,AEW Double or Nothing 2021 Full Talent (Front Print Only),Shirts
Kenny Omega,29.99,Kenny Omega - The Collector,Shirts
Kenny Omega,29.99,The Elite - Globetrotter,Shirts
Kenny Omega,34.99,Kenny Omega - Directive,Shirts
Kenny Omega,34.99,All Out 2021 - Title Matches (Front Only),Shirts
Kenny Omega,29.99,The Elite - The Elite is Complete,Shirts
Kenny Omega,29.99,Kenny Omega - Set in Stone,Shirts
Kenny Omega,34.99,Full Gear 2021 Matchup - Kenny Omega vs Hangman Adam Page (Front Only),Shirts
Kenny Omega,29.99,Kenny Omega - One-Winged Angel - AEW x Clotheslined Apparel,Shirts
Kenny Omega,29.99,The Elite - Upgrade,Shirts
Kenny Omega,29.99,Kenny Omega - Reborn,Shirts
Kenny Omega,34.99,AEW ALL OUT 2022 - Matchups Tee (Front Print Only),Shirts
Keith Lee,29.99,Keith Lee - For He Is LIMITLESS Flatbill Snapback,Headwear
Keith Lee,29.99,Keith Lee - For He Is LIMITLESS,Shirts
Keith Lee,29.99,Swerve Strickland & Keith Lee - Swerve in our Glory,Shirts
Keith Lee,29.99,Swerve in Our Glory - AND NEW!,Shirts
Keith Lee,34.99,AEW ALL OUT 2022 - Matchups Tee (Front Print Only),Shirts
Keith Lee,29.99,Swerve in Our Glory - Halloween Glow 2022 Series,Shirts
Justin Roberts,29.99,Justin Roberts - Announcing,Shirts
Justin Roberts,29.99,Justin Roberts - North Carolina,Shirts
Jurassic Express,50,Jurassic Express - Official AEW Autographed 8x10,Autographed Items
Jurassic Express,29.99,Jungle Boy and Luchasaurus,Shirts
Jurassic Express,29.99,Luchasaurus - Dino-Mite,Shirts
Jurassic Express,29.99,Jungle Boy - Welcome to the Jungle,Shirts
Jurassic Express,29.99,Jungle Boy - Boy Myth Legend,Shirts
Jurassic Express,29.99,Jurassic Express - Emblem,Shirts
Jurassic Express,29.99,Jurassic Express & Christian Cage - 3 Wisemen,Shirts
Jurassic Express,29.99,Jurassic Express - Fossil Fuel,Shirts
Jurassic Express,29.99,Jurassic Express - AND NEW,Shirts
Jungle Boy,12.99,Babyface Brawlers Keychain - Jungle Boy,Accessories
Jungle Boy,29.99,Jungle Boy - Welcome to the Jungle,Shirts
Jungle Boy,29.99,Jungle Boy and Luchasaurus,Shirts
Jungle Boy,29.99,Jungle Boy - Boy Myth Legend,Shirts
Jungle Boy,29.99,Jurassic Express - Emblem,Shirts
Jungle Boy,29.99,Jungle Boy - On the Prowl,Shirts
Jungle Boy,29.99,AEW - The Four Pillars of All Elite Wrestling ,Shirts
Jungle Boy,29.99,AEW - The Real 4 Pillars of AEW,Shirts
Jungle Boy,29.99,Jurassic Express - Fossil Fuel,Shirts
Jungle Boy,29.99,Jurassic Express - AND NEW,Shirts
Jungle Boy,29.99,Jungle Boy - In the Jungle,Shirts
Julia Hart,29.99,Julia Hart - House of Black Member,Shirts
Julia Hart,29.99,Julia Hart - Blackheart,Shirts
Jon Moxley,14.99,Jon Moxley Holiday 2022 Ornament (Limited Edition 200 Available),Accessories
Jon Moxley,24.99,Jon Moxley - AEW Unrivaled 8,Figures
Jon Moxley,24.99,Kenny Omega vs Jon Moxley Exploding Barbed Wire Death Match Revolution 2021 - Memorable Moments Art Print,Posters
Jon Moxley,24.99,Jon Moxley Debuts at Double or Nothing 2019 - Memorable Moments Art Print,Posters
Jon Moxley,24.99,"AEW Double or Nothing Anarchy in the Arena 18"" x 24"" Poster Print",Posters
Jon Moxley,24.99,UNBELIEVABLE! Jon Moxley is Your AEW World Champion - AEW Dynamite Grand Slam 9-21-2022 - Memorable Moments Art Print,Posters
Jon Moxley,4.99,Jon Moxley - Mox Spray Sticker,Stickers
Jon Moxley,4.99,Jon Moxley - Floss Sticker,Stickers
Jon Moxley,4.99,Jon Moxley - Forged in Combat Sticker,Stickers
Jon Moxley,29.99,"Jon Moxley - AEW 2022 Summer Series 30""x60"" Beach Towel",Towels
Jon Moxley,12.99,Jon Moxley - Champ Mask w/ Filter Pocket (Includes 2 Filters),Masks
Jon Moxley,44.99,Jon Moxley - Unscripted Violence Pullover Hoodie,Sweatshirts & Jackets
Jon Moxley,49.99,Jon Moxley - Moxmas Holiday Sweatshirt,Sweatshirts & Jackets
Jon Moxley,44.99,Blackpool Combat Club - Pullover Hoodie,Sweatshirts & Jackets
Jon Moxley,54.99,Blackpool Combat Club - Forged in Combat Zip Hoodie (Double Sided),Sweatshirts & Jackets
Jon Moxley,44.99,Blackpool Combat Club - Black Camo Pullover Hoodie,Sweatshirts & Jackets
Jon Moxley,29.99,Jon Moxley - Unscripted Violence Snapback Trucker Cap,Headwear
Jon Moxley,29.99,Jon Moxley - Unscripted Violence,Shirts
Jon Moxley,29.99,Jon Moxley - Paradigm Shift,Shirts
Jon Moxley,29.99,Jon Moxley - Designed By Mox,Shirts
Jon Moxley,29.99,Jon Moxley - Thirst,Shirts
Jon Moxley,29.99,AEW Revolution Matchup: Jericho Vs Moxley,Shirts
Jon Moxley,29.99,Jon Moxley - Champ,Shirts
Jon Moxley,29.99,Jon Moxley - MOX Paradigm Shift,Shirts
Jon Moxley,29.99,Ace - Jon Moxley,Shirts
Jon Moxley,29.99,Jon Moxley - Vintage,Shirts
Jon Moxley,34.99,"Jon Moxley ""Legacy"" - AEW x Clotheslined Apparel - Vintage Triblend Soft T-shirt",Shirts
Jon Moxley,29.99,Jon Moxley - Fight Me,Shirts
Jon Moxley,29.99,AEW All Out 2020 Event Talent Poster Tee,Shirts
Jon Moxley,29.99,AEW Full Gear 2020 Event Talent Poster Tee,Shirts
Jon Moxley,29.99,Jon Moxley - No Quit,Shirts
Jon Moxley,29.99,Jon Moxley - AEW Unrivaled Series 2 Figure Tee,Shirts
Jon Moxley,29.99,AEW Revolution 2021 Poster Tee,Shirts
Jon Moxley,29.99,Kenny Omega vs  Jon Moxley - Exploding Barbed Wire Death Match,Shirts
Jon Moxley,29.99,Jon Moxley and Eddie Kingston - Talk Hard Hit Harder,Shirts
Jon Moxley,29.99,Jon Moxley - Bitch AF,Shirts
Jon Moxley,29.99,Jon Moxley - Floss,Shirts
Jon Moxley,29.99,AEW Double or Nothing 2021 Full Talent (Front Print Only),Shirts
Jon Moxley,29.99,Double or Nothing Matchup Young Bucks vs Jon Moxley and Eddie Kingston,Shirts
Jon Moxley,29.99,Jon Moxley - Mox USA,Shirts
Jon Moxley,29.99,Jon Moxley - Cyclone,Shirts
Jon Moxley,29.99,Jon Moxley - Infiltrate,Shirts
Jon Moxley,34.99,AEW Revolution 2022 - Matchups Tee,Shirts
Jon Moxley,29.99,Blackpool Combat Club - Forged,Shirts
Jon Moxley,29.99,Jon Moxley - Mutually Assured Destruction,Shirts
Jon Moxley,29.99,Blackpool Combat Club - Aftermath,Shirts
Jon Moxley,29.99,Jon Moxley - Operation,Shirts
Jon Moxley,29.99,Blackpool Combat Club - Pact,Shirts
Jon Moxley,29.99,AEW Blood and Guts 2022 Event T-Shirt,Shirts
Jon Moxley,29.99,Jon Moxley - In Mox We Trust,Shirts
Jon Moxley,29.99,Blackpool Combat Club - Blood is Beautiful,Shirts
Jon Moxley,29.99,All Elite,Shirts
Jon Moxley,29.99,Jon Moxley - Undisputed,Shirts
Jon Moxley,29.99,Jon Moxley - Crimson Mask,Shirts
Jon Moxley,34.99,All Out 2022 Matchup - MAIN EVENT Jon Moxley vs CM Punk (Front Only),Shirts
Jon Moxley,29.99,Jon Moxley - Trickster,Shirts
Jon Moxley,29.99,Jon Moxley - Zombie Mox - Halloween (2022 Special Edition),Shirts
Jon Moxley,29.99,Jon Moxley - Wired,Shirts
Jon Moxley,29.99,Top Rope Tuesday Limited Edition Jon Moxley - Crimson Mask (Only Available Until 11/15),Shirts
John Silver,30,John Silver & Alex Reynolds - Official AEW Autographed 8x10,Autographed Items
John Silver,29.99,John Silver - The Meat Man,Shirts
John Silver,29.99,John Silver - Johnny Hungiee,Shirts
John Silver,34.99,AEW ALL OUT 2022 - Matchups Tee (Front Print Only),Shirts
Jim Ross,29.99,Jim F'N Ross - Slobberknocker,Shirts
Jim Ross,29.99,Jim Ross - Bah Gawd!,Shirts
Jim Ross,29.99,Jim Ross - Slobberknocker AF,Shirts
Jim Ross,29.99,Jim Ross - Beat Cancer's A**,Shirts
Jeff Hardy,29.99,The Hardys - Blood Over Everything,Shirts
Jeff Hardy,29.99,Jeff Hardy - Black Hole,Shirts
Jeff Hardy,29.99,Jeff Hardy - Faith Over Fear,Shirts
Jeff Hardy,29.99,The Hardys - Infinite,Shirts
Jeff Hardy,34.99,Double or Nothing Matchup Young Bucks vs The Hardys - ELITE or DELETE,Shirts
Jeff Hardy,29.99,The Delete,Shirts
Jay Lethal,29.99,Jay Lethal - Let's Get Lethal,Shirts
Jay Lethal,29.99,Jay Lethal - Lethal Injection,Shirts
Jamie Hayter,29.99,Jamie Hayter - Hayter's Gonna Hate,Shirts
Jake The Snake Roberts,29.99,Jake The Snake - Never Trust A Snake,Shirts
Jake Hager,24.99,Jake Hager - AEW Unrivaled 6,Figures
Jake Hager,24.99,Jake Hager - AEW Unrivaled 10,Figures
Jake Hager,30,Jake Hager - Official AEW Autographed 8x10,Autographed Items
Jake Hager,24.99,"AEW Double or Nothing Anarchy in the Arena 18"" x 24"" Poster Print",Posters
Jake Hager,24.99,"Inner Circle - Spray Logo 30""x60"" Towel",Towels
Jake Hager,12.99,Inner Circle - We Are Inner Circle Mask w/ Filter Pocket (Includes 2 Filters),Masks
Jake Hager,24.99,Inner Circle - Voodoo Cuff Beanie,Headwear
Jake Hager,29.99,Jake Hager - Expression,Shirts
Jake Hager,29.99,Inner Circle - Voodoo,Shirts
Jake Hager,29.99,Inner Circle - I WANT to Join Inner Circle,Shirts
Jake Hager,29.99,Inner Circle - Vegas Vacation,Shirts
Jake Hager,29.99,Inner Circle - Back In Black,Shirts
Jake Hager,29.99,Inner Circle - Squad,Shirts
Jake Hager,29.99,Jake Hager - Inner Circle Bigg Hoss,Shirts
Jake Hager,29.99,2021 Stadium Stampede Champions,Shirts
Jake Hager,29.99,Inner Circle - Genesis,Shirts
Jake Hager,29.99,Inner Circle - IC USA,Shirts
Jake Hager,29.99,AEW Blood and Guts 2022 Event T-Shirt,Shirts
Jade Cargill,29.99,Jade Cargill - Jade FlexFit Hat,Headwear
Jade Cargill,29.99,Jade Cargill - A Storm is Coming,Shirts
Jade Cargill,29.99,Jade Cargill - Lightning,Shirts
Jade Cargill,29.99,Jade Cargill - Jade Brand,Shirts
Jade Cargill,29.99,Jade Cargill - TBS Champion,Shirts
Jade Cargill,29.99,Jade Cargill - Green Like Money,Shirts
Inner Circle,11.99,Inner Circle Wrestling Pin,Lapel Pins
Inner Circle,4.99,Inner Circle - Voodoo Sticker,Stickers
Inner Circle,4.99,Inner Circle - Squad Sticker,Stickers
Inner Circle,24.99,"INNER CIRCLE - SPRAY LOGO SUBLIMATED FLAG - 60"" X 35""",Flags
Inner Circle,24.99,"Inner Circle - Spray Logo 30""x60"" Towel",Towels
Inner Circle,12.99,Inner Circle - We Are Inner Circle Mask w/ Filter Pocket (Includes 2 Filters),Masks
Inner Circle,26.99,Inner Circle Logo - Flatbill Snapback,Headwear
Inner Circle,24.99,Inner Circle - Voodoo Cuff Beanie,Headwear
Inner Circle,29.99,Inner Circle - Spray Paint,Shirts
Inner Circle,29.99,Inner Circle - All Elite Wrestling,Shirts
Inner Circle,29.99,Inner Circle - Voodoo,Shirts
Inner Circle,29.99,Inner Circle - I WANT to Join Inner Circle,Shirts
Inner Circle,29.99,Inner Circle - Vegas Vacation,Shirts
Inner Circle,29.99,Inner Circle - Back In Black,Shirts
Inner Circle,29.99,Inner Circle - Squad,Shirts
Inner Circle,29.99,2021 Stadium Stampede Champions,Shirts
Inner Circle,29.99,Inner Circle - Genesis,Shirts
Inner Circle,29.99,Inner Circle - IC USA,Shirts
House Of Black,6.99,"House of Black - Member 3"" Circle Patch",Stickers
Hook,34.99,HOOK and Danhausen - Send HOOKHausen - Limited Edition Print By Dorsey Art ??? Only 300 Available (Hand Numbered 1-300),Posters
Hook,29.99,"HOOK 30""x60"" Towel",Towels
Hook,24.99,Hook - Hook Logo Cuff Beanie,Headwear
Hook,24.99,HOOK - HOOK Logo (Orange) Cuff Beanie,Headwear
Hook,29.99,Hook - Hook Logo,Shirts
Hook,29.99,HOOK - Send HOOK,Shirts
Hook,29.99,HOOK & Danhausen - Send HOOKHausen,Shirts
Hook,29.99,HOOK & Danhausen - HOOKHausen,Shirts
Hook,29.99,HOOK & Danhausen - Send HOOKHausen Again,Shirts
Hook,29.99,HOOK - FTW Champ,Shirts
Hook,29.99,HOOK - FTW Champion,Shirts
Hikaru Shida,24.99,Hikaru Shida - AEW Unrivaled 6,Figures
Hikaru Shida,49.99,ShopAEW Exclusive HIKARU SHIDA - All Elite Wrestling - 6-Inch Hikaru Shida Figure - Unrivaled Collection (ShopAEW Exclusive),Figures
Hikaru Shida,12.99,Hikaru Shida - Holy Shida Limited Collectors Pin,Lapel Pins
Hikaru Shida,4.99,Hikaru Shida - Kawaii Sticker 3-Pack,Stickers
Hikaru Shida,14.99,Hikaru Shida - Superkicks x AEW Series 1 Socks,Footwear
Hikaru Shida,12.99,Hikaru Shida - Holy Shida Mask W/ Filter Pocket (Includes 2 Filters),Masks
Hikaru Shida,12.99,Hikaru Shida - Kawaii Mask w Filter Pocket (Includes 2 Filters),Masks
Hikaru Shida,29.99,Hikaru Shida,Shirts
Hikaru Shida,29.99,Hikaru Shida - Falcon Arrow,Shirts
Hikaru Shida,29.99,Hikaru Shida - Holy Shida!,Shirts
Hikaru Shida,34.99,"Hikaru Shida ""Legacy"" - AEW x Clotheslined Apparel - Vintage Triblend Soft T-shirt",Shirts
Hikaru Shida,29.99,AEW All Out 2020 Event Talent Poster Tee,Shirts
Hikaru Shida,29.99,AEW Full Gear 2020 Event Talent Poster Tee,Shirts
Hikaru Shida,29.99,Hikaru Shida - Temple,Shirts
Hikaru Shida,29.99,AEW Revolution 2021 Poster Tee,Shirts
Hikaru Shida,29.99,Hikaru Shida - Shining Samurai,Shirts
Hikaru Shida,29.99,AEW Double or Nothing 2021 Full Talent (Front Print Only),Shirts
Hikaru Shida,29.99,Hikaru Shida - Samurai,Shirts
Hikaru Shida,29.99,Hikaru Shida - Halloween Glow 2022 Series,Shirts
Hangman Adam Page,12.99,Babyface Brawlers Keychain - Hangman Adam Page,Accessories
Hangman Adam Page,24.99,Hangman Adam Page - AEW Unmatched 4,Figures
Hangman Adam Page,24.99,Hangman Wins AEW Championship - Memorable Moments Art Print,Posters
Hangman Adam Page,24.99,Hangman Adam Page Chasing Sammy Guevara at Stadium Stampede 2020 - Memorable Moments Art Print,Posters
Hangman Adam Page,4.99,Hangman Adam Page - Ecstasy of Gold Sticker,Stickers
Hangman Adam Page,12.99,Hangman Adam Page - Cowboy Shit Mask w/ Filter Pocket (Includes 2 Filters),Masks
Hangman Adam Page,49.99,Hangman Adam Page - A Happy Hangman Holiday Sweatshirt,Sweatshirts & Jackets
Hangman Adam Page,26.99,Hangman Adam Page - Cowboy Snapback Trucker Cap,Headwear
Hangman Adam Page,29.99,Hangman Adam Page - Ecstasy of Gold,Shirts
Hangman Adam Page,29.99,Hangman Adam Page - Cowboy S*%t,Shirts
Hangman Adam Page,29.99,All Out Matchup: Chris Jericho Vs Hangman Adam Page (Front Print Only),Shirts
Hangman Adam Page,29.99,Hangman Adam Page - Buckle,Shirts
Hangman Adam Page,29.99,Hangman Adam Page - I'm Here To Do Cowboy Shit,Shirts
Hangman Adam Page,29.99,Hangman Adam Page - Has Been Drinking,Shirts
Hangman Adam Page,29.99,Hangman Adam Page - Hold My Beer,Shirts
Hangman Adam Page,29.99,Kenny & Hangman,Shirts
Hangman Adam Page,29.99,Hangman Adam Page - Golden Horseshoe,Shirts
Hangman Adam Page,34.99,Hangman Adam Page - Vintage Shit,Shirts
Hangman Adam Page,29.99,Kenny & Hangman - Last Call,Shirts
Hangman Adam Page,29.99,AEW All Out 2020 Event Talent Poster Tee,Shirts
Hangman Adam Page,29.99,Hangman Adam Page - Anxious Millennial Cowboy,Shirts
Hangman Adam Page,34.99,"Hangman Adam Page ""Legacy"" - AEW x Clotheslined Apparel - Vintage Triblend Soft T-shirt",Shirts
Hangman Adam Page,29.99,Hangman Adam Page - 100 Proof,Shirts
Hangman Adam Page,29.99,Hangman Adam Page - AEW Unrivaled Series 2 Figure Tee,Shirts
Hangman Adam Page,29.99,Hangman Adam Page - Friends in Dark Places,Shirts
Hangman Adam Page,29.99,Hangman Adam Page - Outsider,Shirts
Hangman Adam Page,29.99,Hangman Adam Page - You Don't Need a Hat to be a Cowboy,Shirts
Hangman Adam Page,29.99,Hangman Adam Page - Sunset,Shirts
Hangman Adam Page,34.99,Full Gear 2021 Matchup - Kenny Omega vs Hangman Adam Page (Front Only),Shirts
Hangman Adam Page,29.99,Hangman Adam Page - AND NEW,Shirts
Hangman Adam Page,29.99,Hangman Adam Page - Lonestar,Shirts
Hangman Adam Page,34.99,AEW Revolution 2022 - Matchups Tee,Shirts
Hangman Adam Page,29.99,Hangman Adam Page - Bloody Cowboy Club,Shirts
Hangman Adam Page,29.99,Hangman Adam Page - Hangman Ranch,Shirts
Hangman Adam Page,34.99,Double or Nothing Matchup Hangman Adam Page vs CM Punk (Front Print Only),Shirts
Hangman Adam Page,29.99,Hangman Adam Page - Buckshot Lariat,Shirts
Gunn Club,50,Gunn Club - Official AEW Autographed 8x10,Autographed Items
Gunn Club,4.99,Gunn Club - Family is Forever Sticker,Stickers
Gunn Club,14.99,Gunn Club - Gunn Club Headband,Headwear
Gunn Club,29.99,Gunn Club - Caricature Tee,Shirts
Gunn Club,29.99,Gunn Club - Family is Forever,Shirts
Gunn Club,29.99,Gunn Club - Sons of a Gunn,Shirts
Gunn Club,29.99,Gunn Club - Sons of a Gunn Admit Two,Shirts
Gunn Club,29.99,Gunn Club - A** Boys,Shirts
Fuego Del Sol,30,Fuego Del Sol - Official AEW Autographed 8x10,Autographed Items
Fuego Del Sol,29.99,Fuego Del Sol - Blaze,Shirts
Fuego Del Sol,29.99,Fuego Del Sol - Too Fast Too Fuego,Shirts
Fuego Del Sol,29.99,"Fuego Del Sol - Believe in the Fire, Believe in the Fight",Shirts
FTR,14.99,FTR Holiday 2022 Ornament (Limited Edition 200 Available),Accessories
FTR,4.99,FTR - Revelation Sticker,Stickers
FTR,29.99,"FTR - AEW 2022 Summer Series 30""x60"" Beach Towel",Towels
FTR,44.99,FTR - Living Legends Pullover Hoodie,Sweatshirts & Jackets
FTR,29.99,FTR - Living Legends Flatbill Snapback,Headwear
FTR,24.99,FTR - Living Legends Cuff Beanie,Headwear
FTR,29.99,FTR - Talk Heavy Hit Hard,Shirts
FTR,29.99,FTR - F*ck The Rest,Shirts
FTR,29.99,AEW All Out 2020 Event Talent Poster Tee,Shirts
FTR,29.99,FTR - Hot Dog Champs,Shirts
FTR,29.99,AEW Full Gear 2020 Event Talent Poster Tee,Shirts
FTR,34.99,"FTR ""Legacy"" - AEW x Clotheslined Apparel - Vintage Triblend Soft T-shirt",Shirts
FTR,29.99,FTR - Fear the Revelation,Shirts
FTR,29.99,FTR - Fear The Resthold,Shirts
FTR,29.99,FTR - Living Legends,Shirts
FTR,29.99,Las Super Ranas - Living Legend Luchadores,Shirts
FTR,29.99,FTR - The Foundation,Shirts
FTR,29.99,FTR - 7 Star FTR,Shirts
FTR,29.99,FTR - Fight Like an 8 Year Old Girl (100% of Royalties Donated To The American Heart Association),Shirts
FTR,29.99,FTR - Written in the Stars,Shirts
FTR,29.99,FTR & Wardlow - FTWAR,Shirts
Frankie Kazarian,24.99,Frankie Kazarian - AEW Unrivaled 5,Figures
Frankie Kazarian,75,Autographed Frankie Kazarian - AEW Unrivaled 5 Figure,Figures
Frankie Kazarian,30,Frankie Kazarian - Official AEW Autographed 8x10,Autographed Items
Frankie Kazarian,29.99,Frankie Kazarian - Elite Hunter,Shirts
Frankie Kazarian,29.99,Frankie Kazarian - Deadly Business,Shirts
Ethan Page,30,Ethan Page - Official AEW Autographed 8x10,Autographed Items
Ethan Page,29.99,Ethan Page - All Ego,Shirts
Ethan Page,29.99,AEW Double or Nothing 2021 Full Talent (Front Print Only),Shirts
Ethan Page,29.99,Ethan Page and Scorpio Sky - Men of the Year,Shirts
Ethan Page,29.99,Ethan Page and Scorpio Sky - Men of the Year 2,Shirts
Ethan Page,29.99,Ethan Page - Best Smile in Professional Wrestling,Shirts
Ethan Page,29.99,Ethan Page - All Ego (Michigan Colors),Shirts
Ethan Page,29.99,Ethan Page - Ego's Edge,Shirts
Eddie Kingston,30,Eddie Kingston - Official AEW Autographed 8x10,Autographed Items
Eddie Kingston,24.99,"AEW Double or Nothing Anarchy in the Arena 18"" x 24"" Poster Print",Posters
Eddie Kingston,4.99,Eddie Kingston - Mad King Sticker,Stickers
Eddie Kingston,4.99,Eddie Kingston - The Mad King Sticker,Stickers
Eddie Kingston,49.99,Eddie Kingston - Deez Nuts Roasting on an Open Fire Holiday Sweatshirt,Sweatshirts & Jackets
Eddie Kingston,29.99,Eddie Kingston - Rosary,Shirts
Eddie Kingston,29.99,AEW Full Gear 2020 Event Talent Poster Tee,Shirts
Eddie Kingston,29.99,Eddie Kingston - Loyalty,Shirts
Eddie Kingston,29.99,Eddie Kingston - Mad King,Shirts
Eddie Kingston,29.99,Eddie Kingston - Heavy Lies the Crown,Shirts
Eddie Kingston,29.99,Jon Moxley and Eddie Kingston - Talk Hard Hit Harder,Shirts
Eddie Kingston,29.99,AEW Double or Nothing 2021 Full Talent (Front Print Only),Shirts
Eddie Kingston,29.99,Double or Nothing Matchup Young Bucks vs Jon Moxley and Eddie Kingston,Shirts
Eddie Kingston,29.99,Eddie Kingston - Redeem Deez Nuts,Shirts
Eddie Kingston,29.99,Eddie Kingston - Rise & Fight,Shirts
Eddie Kingston,29.99,Eddie Kingston - Demons - AEW x Clotheslined Apparel,Shirts
Eddie Kingston,29.99,AEW Blood and Guts 2022 Event T-Shirt,Shirts
Eddie Kingston,29.99,Eddie Kingston - Out For Blood,Shirts
Dustin Rhodes,24.99,Dustin Rhodes - AEW Unmatched 1,Figures
Dustin Rhodes,75,Dustin Rhodes - Official AEW Autographed 8x10,Autographed Items
Dustin Rhodes,12.99,Dustin Rhodes - Keep On Steppin' Face Mask,Masks
Dustin Rhodes,44.99,Dustin Rhodes - Keep Steppin' Vintage Jersey Zip Hoodie (Double Sided),Sweatshirts & Jackets
Dustin Rhodes,29.99,Dustin Rhodes - Never Give Up,Shirts
Dustin Rhodes,29.99,Dustin Rhodes - Keep Steppin',Shirts
Dustin Rhodes,29.99,Dustin Rhodes - I'm Here To Fight,Shirts
Dustin Rhodes,29.99,Dustin Rhodes - 5 Decades,Shirts
Dustin Rhodes,34.99,Dustin Rhodes - The Natural (Double-Sided),Shirts
Dustin Rhodes,29.99,Dustin Rhodes - AEW Unrivaled Series 2 Figure Tee,Shirts
Dustin Rhodes,29.99,Dustin Rhodes - Trans Pride - (All Royalties go to The National Center for Transgender Equality),Shirts
Dustin Rhodes,29.99,Dustin Rhodes - Legendary,Shirts
Diamante,30,Diamante - Official AEW Autographed 8x10,Autographed Items
Darby Allin,24.99,Darby Allin LJN Action Figure - AEW Unmatched 5,Figures
Darby Allin,29.99,"Darby Allin, Sting & CM Punk - War Paint Poster Print",Posters
Darby Allin,4.99,Darby Allin - Tombstone Sticker,Stickers
Darby Allin,4.99,Darby Allin - Snapped Sticker,Stickers
Darby Allin,4.99,"Darby Allin, Sting & CM Punk - War Paint Sticker",Stickers
Darby Allin,12.99,Darby Allin - Facepaint Mask w/ Filter Pocket (Includes 2 Filters),Masks
Darby Allin,49.99,Darby Allin - Underground Holiday Sweatshirt,Sweatshirts & Jackets
Darby Allin,29.99,Darby Allin - Relentless,Shirts
Darby Allin,29.99,Darby Allin - Half and Half,Shirts
Darby Allin,29.99,Darby Allin - Coffin Drop,Shirts
Darby Allin,29.99,Darby Allin - Psycho,Shirts
Darby Allin,29.99,Darby Allin - Portrait,Shirts
Darby Allin,29.99,Darby Allin - Etched,Shirts
Darby Allin,29.99,Darby Allin - Pure Evil,Shirts
Darby Allin,34.99,"Darby Allin ""Legacy"" - AEW x Clotheslined Apparel - Vintage Triblend Soft T-shirt",Shirts
Darby Allin,29.99,AEW Full Gear 2020 Event Talent Poster Tee,Shirts
Darby Allin,29.99,Darby Allin - Facelift,Shirts
Darby Allin,29.99,Darby Allin - Relentless Champ,Shirts
Darby Allin,29.99,Darby Allin - The Face of Wednesday Night,Shirts
Darby Allin,29.99,AEW Revolution 2021 Poster Tee,Shirts
Darby Allin,29.99,Sting & Darby Allin - Allies,Shirts
Darby Allin,29.99,Darby Allin - AEW Unrivaled Series 3 Figure Tee,Shirts
Darby Allin,29.99,Darby Allin - Die Many Times,Shirts
Darby Allin,29.99,AEW Double or Nothing 2021 Full Talent (Front Print Only),Shirts
Darby Allin,29.99,Darby Allin - Snapped,Shirts
Darby Allin,34.99,All Out 2021 Matchup - CM Punk vs Darby Allin with Sting (Front Only),Shirts
Darby Allin,29.99,Darby Allin - Up In Flames,Shirts
Darby Allin,29.99,AEW - The Four Pillars of All Elite Wrestling,Shirts
Darby Allin,29.99,AEW - The Real 4 Pillars of AEW ,Shirts
Darby Allin,29.99,"Darby Allin, Sting & CM Punk - War Paint",Shirts
Darby Allin,29.99,Darby Allin - Halloween,Shirts
Dante Martin,29.99,Dante Martin - Inhuman,Shirts
Dante Martin,29.99,Dante Martin - Eject,Shirts
Daniel Garcia,24.99,Daniel Garcia Wins the ROH Pure Championship at AEW Dynamite 9-7-2022 - Memorable Moments Art Print,Posters
Daniel Garcia,29.99,Daniel Garcia - Dragon Slayer,Shirts
Daniel Garcia,29.99,Daniel Garcia - Razor Sharp,Shirts
Danhausen,34.99,HOOK and Danhausen - Send HOOKHausen - Limited Edition Print By Dorsey Art ??? Only 300 Available (Hand Numbered 1-300),Posters
Danhausen,34.99,"The Danhausen Curse Art Print - Created By EML Art - 18""x24"" (Only 100 Available)",Posters
Danhausen,29.99,"Danhausen - AEW 2022 Summer Series 30""x60"" Beach Towel",Towels
Danhausen,54.99,Danhausen - Or Be Cursed! Zip Hoodie (Double-Sided),Sweatshirts & Jackets
Danhausen,29.99,Danhausen - Or Be Cursed! - Flatbill Snapback,Headwear
Danhausen,29.99,"Danhausen - Very Elite, Very Evil",Shirts
Danhausen,29.99,"Danhausen - Very Nice, Very Evil",Shirts
Danhausen,29.99,Danhausen - NO SWEARING,Shirts
Danhausen,29.99,Danhausen - Spiral,Shirts
Danhausen,29.99,Danhausen - The Curse of Danhausen,Shirts
Danhausen,29.99,HOOK & Danhausen - Send HOOKHausen,Shirts
Danhausen,29.99,HOOK & Danhausen - HOOKHausen,Shirts
Danhausen,29.99,HOOK & Danhausen - Send HOOKHausen Again,Shirts
Danhausen,29.99,Danhausen - Trance,Shirts
Danhausen,29.99,Danhausen - Summer of Danhausen,Shirts
Danhausen,29.99,Danhausen x CM Punk - Best in the WorldHausen,Shirts
Danhausen,29.99,Danhausen - Cloak,Shirts
Danhausen,29.99,Danhausen - Halloweenhausen,Shirts
Danhausen,29.99,Danhausen - Cursed.,Shirts
Colten Gunn,4.99,Gunn Club - Family is Forever Sticker,Stickers
Colten Gunn,29.99,Gunn Club - Caricature Tee,Shirts
Colten Gunn,29.99,Gunn Club - Sons of a Gunn Admit Two,Shirts
Colten Gunn,29.99,Gunn Club - A** Boys,Shirts
Colten Gunn,29.99,Gunn Club - Sons of a Gunn,Shirts
Colt Cabana,30,Colt Cabana - Official AEW Autographed 8x10,Autographed Items
Colt Cabana,12.99,Colt Cabana - Face Face Mask,Masks
Colt Cabana,49.99,Colt Cabana - Happy Happy Hanukkah Holiday Sweatshirt,Sweatshirts & Jackets
Colt Cabana,29.99,Colt Cabana - Boom Boom,Shirts
Colt Cabana,29.99,Colt Cabana - Join Us,Shirts
Colt Cabana,29.99,Colt Cabana - Boom Boom Dark Order,Shirts
CM Punk,24.99,CM Punk - AEW World Championship Replica Title Belt Engraved Champion Name Plate (Plastic),Accessories
CM Punk,29.99,"Darby Allin, Sting & CM Punk - War Paint Poster Print",Posters
CM Punk,24.99,CM Punk is Back - Memorable Moments Art Print,Posters
CM Punk,24.99,CM Punk Settles the Score Vs MJF at Revolution 2022 - Memorable Moments Art Print,Posters
CM Punk,13.99,CM Punk - Best in the World 11 oz. Mug,Drinkware
CM Punk,4.99,CM Punk - Best in the World Sticker,Stickers
CM Punk,4.99,War Paint Sticker,Stickers
CM Punk,4.99,CM Punk - Supercharged Sticker 4-Pack,Stickers
CM Punk,6.99,"CM Punk - Best in the World 3"" Circle Patch",Stickers
CM Punk,14.99,CM Punk - Superkicks x AEW Series 1 Socks,Footwear
CM Punk,29.99,"CM Punk - Best in the World SUBLIMATED FLAG - 60"" X 35""",Flags
CM Punk,29.99,"CM Punk - We Are Chicago SUBLIMATED FLAG - 60"" X 35""",Flags
CM Punk,29.99,"CM Punk - AEW 2022 Summer Series 30""x60"" Beach Towel",Towels
CM Punk,54.99,CM Punk - Best in the World Variant Zip Hoodie,Sweatshirts & Jackets
CM Punk,124.99,CM Punk - Best in the World Commemorative Hockey Jersey (Ready to Ship),Sweatshirts & Jackets
CM Punk,29.99,CM Punk - Best in the World Snapback Trucker Hat,Headwear
CM Punk,24.99,CM Punk - Best in the World Cuff Beanie,Headwear
CM Punk,29.99,CM Punk - Best in the World (Regular Style Tee),Shirts
CM Punk,34.99,All Out 2021 Matchup - CM Punk vs Darby Allin with Sting (Front Only),Shirts
CM Punk,29.99,CM Punk - Best in the World Variant T-shirt (Also Available in Pullover Hoodie),Shirts
CM Punk,29.99,"Darby Allin, Sting & CM Punk - War Paint",Shirts
CM Punk,29.99,CM Punk - Go To Sleep - AEW x Clotheslined Apparel,Shirts
CM Punk,29.99,AEW Revolution Matchup - CM Punk Vs MJF Dog Collar Match,Shirts
CM Punk,29.99,CM Punk - Anthem,Shirts
CM Punk,34.99,Double or Nothing Matchup Hangman Adam Page vs CM Punk (Front Print Only),Shirts
CM Punk,29.99,CM Punk - AND NEW,Shirts
CM Punk,29.99,CM Punk - Best in the World Ringer T-shirt,Shirts
CM Punk,29.99,Danhausen x CM Punk - Best in the WorldHausen,Shirts
CM Punk,29.99,CM Punk - In Punk We Trust,Shirts
CM Punk,34.99,All Out 2022 Matchup - MAIN EVENT Jon Moxley vs CM Punk (Front Only),Shirts
CM Punk,29.99,CM Punk - We Are Chicago,Shirts
Claudio Castagnoli,54.99,Claudio Castagnoli - CLAUDIO Zip Hoodie (Double-Sided),Sweatshirts & Jackets
Claudio Castagnoli,29.99,Claudio Castagnoli - CLAUDIO,Shirts
Claudio Castagnoli,29.99,AEW Blood and Guts 2022 Event T-Shirt,Shirts
Claudio Castagnoli,29.99,Claudio Castagnoli - UPPERCUT,Shirts
Christian Cage,50,Christian Cage - Official AEW Autographed 8x10,Autographed Items
Christian Cage,13.99,Christian Cage - Out Work Everyone 11 oz. Mug,Drinkware
Christian Cage,4.99,Christian Cage - Out Work Everyone Sticker,Stickers
Christian Cage,4.99,Christian Cage - Virtue Gold Sticker,Stickers
Christian Cage,29.99,Christian Cage - Out. Work. Everyone.,Shirts
Christian Cage,29.99,Christian Cage - Virtue,Shirts
Christian Cage,34.99,All Out 2021 - Title Matches (Front Only),Shirts
Christian Cage,29.99,Christian Cage - Virtue Gold,Shirts
Christian Cage,29.99,Jurassic Express & Christian Cage - 3 Wisemen,Shirts
Christian Cage,29.99,Christian Cage - Worked. Everyone.,Shirts
Christian Cage,29.99,Christian Cage - Worked Everyone (Red and Yellow),Shirts
Chris Jericho,24.99,Chris Jericho - AEW World Championship Replica Title Belt Engraved Champion Name Plate (Plastic),Accessories
Chris Jericho,24.99,Chris Jericho - AEW Unrivaled 8,Figures
Chris Jericho,24.99,Corazon de Leon Chris Jericho - AEW Unmatched 4,Figures
Chris Jericho,11.99,Inner Circle Wrestling Pin,Lapel Pins
Chris Jericho,11.99,Chris Jericho - AEW is Jericho Wrestling Pin,Lapel Pins
Chris Jericho,75,Chris Jericho - Official AEW Autographed 8x10,Autographed Items
Chris Jericho,24.99,"AEW Double or Nothing Anarchy in the Arena 18"" x 24"" Poster Print",Posters
Chris Jericho,24.99,Lionheart Chris Jericho AEW ALL OUT 2022 - Memorable Moments Art Print,Posters
Chris Jericho,24.99,Chris Jericho is The Ocho! - AEW Dynamite Grand Slam 9-21-2022 - Memorable Moments Art Print,Posters
Chris Jericho,24.99,"Inner Circle - Spray Logo 30""x60"" Towel",Towels
Chris Jericho,19.99,Chris Jericho - Le Champion Neck Bandana,Masks
Chris Jericho,12.99,Chris Jericho - Le Champion Mask w/ Filter Pocket (Includes 2 Filters),Masks
Chris Jericho,12.99,Inner Circle - We Are Inner Circle Mask w/ Filter Pocket (Includes 2 Filters),Masks
Chris Jericho,29.99,Chris Jericho - The Palace Tank Top,Specialty Shirts
Chris Jericho,89.99,Chris Jericho - The Wizard Sublimated Basketball Jersey (LIMITED STOCK AVAILABLE),Specialty Shirts
Chris Jericho,49.99,Chris Jericho - JericHO-HO-HO Holiday Sweatshirt,Sweatshirts & Jackets
Chris Jericho,26.99,Inner Circle Logo - Flatbill Snapback,Headwear
Chris Jericho,24.99,Inner Circle - Voodoo Cuff Beanie,Headwear
Chris Jericho,29.99,Double or Nothing Matchup: Chris Jericho Vs. Kenny Omega (Front Print Only),Shirts
Chris Jericho,29.99,Chris Jericho - You're Welcome,Shirts
Chris Jericho,29.99,All Out Matchup: Chris Jericho Vs Hangman Adam Page (Front Print Only),Shirts
Chris Jericho,29.99,Chris Jericho - A Little Bit of the Bubbly,Shirts
Chris Jericho,29.99,Chris Jericho - AEW is JERICHO,Shirts
Chris Jericho,29.99,Inner Circle - All Elite Wrestling,Shirts
Chris Jericho,29.99,Chris Jericho - I've Got A Ticket,Shirts
Chris Jericho,29.99,Chris Jericho - Le Champion,Shirts
Chris Jericho,29.99,Chris Jericho - Chris JeriGOAT,Shirts
Chris Jericho,29.99,Inner Circle - Spray Paint,Shirts
Chris Jericho,29.99,AEW Revolution Matchup: Jericho Vs Moxley,Shirts
Chris Jericho,29.99,Chris Jericho - Le Champion Forever,Shirts
Chris Jericho,29.99,Chris Jericho - Glamour Shot,Shirts
Chris Jericho,29.99,Chris Jericho - Cone Head,Shirts
Chris Jericho,29.99,Chris Jericho & Sammy Guevara - Le Sex Gods,Shirts
Chris Jericho,29.99,Chris Jericho - Demo God,Shirts
Chris Jericho,29.99,Chris Jericho - Demo God 18:49,Shirts
Chris Jericho,29.99,AEW All Out 2020 Event Talent Poster Tee,Shirts
Chris Jericho,29.99,Chris Jericho vs. Orange Cassidy - Mimosa Mayhem Matchup Tee,Shirts
Chris Jericho,29.99,Inner Circle - Voodoo,Shirts
Chris Jericho,29.99,Chris Jericho - 30 Years,Shirts
Chris Jericho,29.99,Inner Circle - I WANT to Join Inner Circle,Shirts
Chris Jericho,29.99,Chris Jericho & MJF - Le Dinner Debonair,Shirts
Chris Jericho,29.99,AEW Full Gear 2020 Event Talent Poster Tee,Shirts
Chris Jericho,29.99,Inner Circle - Vegas Vacation,Shirts
Chris Jericho,29.99,Chris Jericho - Confession,Shirts
Chris Jericho,34.99,"Chris Jericho ""Legacy"" - AEW x Clotheslined Apparel - Vintage Triblend Soft T-shirt",Shirts
Chris Jericho,29.99,Chris Jericho - Demo God Since 1990,Shirts
Chris Jericho,29.99,Chris Jericho - AEW Unrivaled Series 1 Figure Tee,Shirts
Chris Jericho,29.99,AEW Revolution 2021 Poster Tee,Shirts
Chris Jericho,29.99,Inner Circle - Back In Black,Shirts
Chris Jericho,29.99,Inner Circle - Squad,Shirts
Chris Jericho,29.99,AEW Double or Nothing 2021 Full Talent (Front Print Only),Shirts
Chris Jericho,29.99,2021 Stadium Stampede Champions,Shirts
Chris Jericho,29.99,Chris Jericho - Corazon de Leon,Shirts
Chris Jericho,29.99,Inner Circle - Genesis,Shirts
Chris Jericho,29.99,Inner Circle - IC USA,Shirts
Chris Jericho,29.99,Chris Jericho - God of War,Shirts
Chris Jericho,29.99,Chris Jericho - I Am The Painmaker,Shirts
Chris Jericho,34.99,All Out 2021 Matchup - Chris Jericho vs MJF The Final Fight,Shirts
Chris Jericho,29.99,Chris Jericho - GFY,Shirts
Chris Jericho,29.99,Chris Jericho - Jericho Appreciation Society,Shirts
Chris Jericho,29.99,Chris Jericho - The Wizard,Shirts
Chris Jericho,29.99,AEW Blood and Guts 2022 Event T-Shirt,Shirts
Chris Jericho,29.99,Chris Jericho - Hell Is Coming For You,Shirts
Chris Jericho,34.99,AEW ALL OUT 2022 - Matchups Tee (Front Print Only),Shirts
Chris Jericho,29.99,Chris Jericho - BWEBSEE,Shirts
Chris Jericho,29.99,Chris Jericho - The Ocho,Shirts
Chris Jericho,29.99,Chris Jericho - Pumpkin Headed DipS#!T,Shirts
Chris Jericho,29.99,Chris Jericho - Wizardy,Shirts
Chaos Project,29.99,Chaos Project - Utter Chaos,Shirts
Chaos Project,29.99,Luther & Serpentico - Chaos Project,Shirts
Chaos Project,29.99,Chaos Project - Absolute Chaos,Shirts
Buddy Matthews,34.99,Buddy Matthews - Dark Secret (Double-Sided),Shirts
Buddy Matthews,29.99,House of Black - 3 Phases of Death,Shirts
Buddy Matthews,29.99,House of Black - Monsters,Shirts
Bryan Danielson,12.99,Babyface Brawlers Keychain - Bryan Danielson,Accessories
Bryan Danielson,24.99,Bryan Danielson - AEW Unmatched 5,Figures
Bryan Danielson,12.99,Bryan Danielson - The American Dragon Limited Collectors Pin,Lapel Pins
Bryan Danielson,24.99,"For the Love of God, It's Bryan Danielson! - Memorable Moments Art Print",Posters
Bryan Danielson,24.99,"AEW Double or Nothing Anarchy in the Arena 18"" x 24"" Poster Print",Posters
Bryan Danielson,24.99,UNBELIEVABLE! Jon Moxley is Your AEW World Champion - AEW Dynamite Grand Slam 9-21-2022 - Memorable Moments Art Print,Posters
Bryan Danielson,13.99,Bryan Danielson - The American Dragon is Back 11 oz. Mug,Drinkware
Bryan Danielson,4.99,Bryan Danielson - The American Dragon is Back Sticker,Stickers
Bryan Danielson,6.99,"Bryan Danielson - American Dragon 3"" Circle Patch",Stickers
Bryan Danielson,44.99,Bryan Danielson - The American Dragon is Back Pullover Hoodie,Sweatshirts & Jackets
Bryan Danielson,44.99,Blackpool Combat Club - Pullover Hoodie,Sweatshirts & Jackets
Bryan Danielson,54.99,Blackpool Combat Club - Forged in Combat Zip Hoodie (Double Sided),Sweatshirts & Jackets
Bryan Danielson,44.99,Blackpool Combat Club - Black Camo Pullover Hoodie,Sweatshirts & Jackets
Bryan Danielson,24.99,Bryan Danielson - The American Dragon is Back Cuff Beanie,Headwear
Bryan Danielson,29.99,Bryan Danielson - The American Dragon is Back,Shirts
Bryan Danielson,34.99,AEW Revolution 2022 - Matchups Tee,Shirts
Bryan Danielson,34.99,Bryan Danielson - Violence Organic Tee,Shirts
Bryan Danielson,29.99,Blackpool Combat Club - Forged,Shirts
Bryan Danielson,34.99,Bryan Danielson - Violence Organic Tee (Black),Shirts
Bryan Danielson,29.99,Blackpool Combat Club - Aftermath,Shirts
Bryan Danielson,29.99,Blackpool Combat Club - Pact,Shirts
Bryan Danielson,29.99,Blackpool Combat Club - Blood is Beautiful,Shirts
Bryan Danielson,29.99,Bryan Danielson - Lifted,Shirts
Bryan Danielson,29.99,Bryan Danielson - Face Time,Shirts
Bryan Danielson,34.99,AEW ALL OUT 2022 - Matchups Tee (Front Print Only),Shirts
Brody King,29.99,Brody King - Spirit of Violence,Shirts
Brody King,29.99,Kings of the Black Throne - House of Black - AEW x Clotheslined Apparel,Shirts
Brody King,29.99,House of Black - 3 Phases of Death,Shirts
Brody King,29.99,House of Black - Monsters,Shirts
Brody King,29.99,Brody King - House of Black Member,Shirts
Brodie Lee,29.99,Brodie Lee - Enlightenment Revealed,Shirts
Brodie Lee,29.99,Brodie Lee - The Exalted One,Shirts
Brodie Lee,29.99,Brodie Lee - Bearded Skull,Shirts
Brodie Lee,29.99,Brodie Lee - Ace,Shirts
Brodie Lee,29.99,Brodie Lee - Gold Eye,Shirts
Brodie Lee,29.99,Brodie Lee - Sinister,Shirts
Brodie Lee,29.99,Brodie Lee - Exalted in Heaven,Shirts
Brodie Lee,29.99,Brodie Lee - Brodie Forever,Shirts
Brock Anderson,29.99,Brock Anderson - The Legacy Continues,Shirts
Britt Baker,14.99,Britt Baker Holiday 2022 Ornament (Limited Edition 200 Available),Accessories
Britt Baker,24.99,Britt Baker - AEW Unmatched 1,Figures
Britt Baker,12.99,Britt Baker - DMD Limited Collectors Pin,Lapel Pins
Britt Baker,24.99,Britt Baker vs Thunder Rosa - Memorable Moments Art Print,Posters
Britt Baker,4.99,Britt Baker - Main Event Role Model Sticker,Stickers
Britt Baker,4.99,Britt Baker - Main Event Role Model Sticker,Stickers
Britt Baker,19.99,Britt Baker - LFG DMD Blood Towel (Double-Sided),Towels
Britt Baker,14.99,Britt Baker - Brittsburgh Rally Towel,Towels
Britt Baker,29.99,"Britt Baker - AEW 2022 Summer Series 30""x60"" Beach Towel",Towels
Britt Baker,12.99,Britt Baker - DMD Face Mask,Masks
Britt Baker,49.99,Britt Baker - Two Front Teeth Holiday Sweatshirt,Sweatshirts & Jackets
Britt Baker,29.99,Britt Baker - The Doctor Will See You,Shirts
Britt Baker,29.99,Britt Baker - Welcome to Brittsburgh,Shirts
Britt Baker,29.99,Britt Baker - Role Model,Shirts
Britt Baker,29.99,Britt Baker - Possessed,Shirts
Britt Baker,34.99,Britt Baker - Open Wide,Shirts
Britt Baker,29.99,Britt Baker - Roll Model,Shirts
Britt Baker,29.99,Britt Baker - 23,Shirts
Britt Baker,34.99,"Britt Baker ""Legacy"" - AEW x Clotheslined Apparel - Vintage Triblend Soft T-shirt",Shirts
Britt Baker,29.99,Britt Baker - Main Event Role Model,Shirts
Britt Baker,29.99,Britt Baker - DMD,Shirts
Britt Baker,29.99,Britt Baker - Excision,Shirts
Britt Baker,29.99,AEW Double or Nothing 2021 Full Talent (Front Print Only),Shirts
Britt Baker,29.99,Britt Baker - And NEW,Shirts
Britt Baker,29.99,Britt Baker - Brittsburgh,Shirts
Britt Baker,34.99,All Out 2021 - Title Matches (Front Only),Shirts
Britt Baker,29.99,Britt Baker - The Doctor Will See You Now,Shirts
Britt Baker,29.99,AEW - The Real 4 Pillars of AEW,Shirts
Britt Baker,29.99,Britt Baker & Adam Cole - DMD BAY BAY,Shirts
Britt Baker,29.99,Britt Baker - Lockjaw - AEW x Clotheslined Apparel,Shirts
Britt Baker,34.99,AEW Revolution 2022 - Matchups Tee,Shirts
Britt Baker,29.99,Britt Baker - DMD 3.16.22,Shirts
Britt Baker,29.99,"Britt Baker - Brittsburgh, PA",Shirts
Britt Baker,29.99,Britt Baker - A Real American Rolemodel,Shirts
Britt Baker,29.99,All Elite,Shirts
Britt Baker,29.99,"Britt Baker - First It Snaps, Then You Tap",Shirts
Britt Baker,29.99,Britt Baker - Full Moon,Shirts
Brian Cage,29.99,Brian Cage - The Machine,Shirts
Brian Cage,29.99,Brian Cage - Machine,Shirts
Brian Cage,29.99,Brian Cage - Who Better Than The Machine?,Shirts
Brian Cage,29.99,Brian Cage - Unstoppable,Shirts
Brandon Cutler,29.99,Brandon Cutler - I Play D&D,Shirts
Brandon Cutler,29.99,Brandon Cutler - Red Dragon,Shirts
Brandon Cutler,29.99,Brandon Cutler - Dragon Master,Shirts
Brandon Cutler,29.99,Brandon Cutler - Two Contract Cool,Shirts
Brandon Cutler,29.99,Brandon Cutler - Epic,Shirts
Brandon Cutler,29.99,Brandon Cutler - TPK,Shirts
Brandon Cutler,29.99,Brandon Cutler - Cold Spray Cutler,Shirts
Blackpool Combat Club,49.99,Blackpool Combat Club - Embroidered Black Camo Duffel Bag,Bags
Blackpool Combat Club,4.99,Blackpool Combat Club - Sticker 3 Pack,Stickers
Blackpool Combat Club,44.99,Blackpool Combat Club - Pullover Hoodie,Sweatshirts & Jackets
Blackpool Combat Club,54.99,Blackpool Combat Club - Forged in Combat Zip Hoodie (Double Sided),Sweatshirts & Jackets
Blackpool Combat Club,44.99,Blackpool Combat Club - Black Camo Pullover Hoodie,Sweatshirts & Jackets
Blackpool Combat Club,24.99,Blackpool Combat Club - Logo Beanie,Headwear
Blackpool Combat Club,29.99,Blackpool Combat Club - Aftermath Flatbill Snapback,Headwear
Blackpool Combat Club,29.99,Blackpool Combat Club - Forged,Shirts
Blackpool Combat Club,29.99,Blackpool Combat Club - Aftermath,Shirts
Blackpool Combat Club,29.99,Claudio Castagnoli - CLAUDIO,Shirts
Blackpool Combat Club,29.99,Wheeler Yuta - Paid in Blood,Shirts
Blackpool Combat Club,29.99,Blackpool Combat Club - Pact,Shirts
Blackpool Combat Club,29.99,Blackpool Combat Club - Blood is Beautiful,Shirts
Blackpool Combat Club,29.99,Blackpool Combat Club - Aftermath (White),Shirts
Blackpool Combat Club,29.99,Blackpool Combat Club - Step Up or Get Stepped On,Shirts
Billy Gunn,24.99,Scissor Me Daddy A$$! AEW ALL OUT 2022 - Memorable Moments Art Print,Posters
Billy Gunn,24.99,AND NEW! The Acclaimed have FINALLY Arrived! - AEW Dynamite Grand Slam 9-21-2022 - Memorable Moments Art Print,Posters
Billy Gunn,4.99,Gunn Club - Family is Forever Sticker,Stickers
Billy Gunn,29.99,Billy Gunn - 2 New Words,Shirts
Billy Gunn,29.99,Gunn Club - Caricature Tee,Shirts
Billy Gunn,29.99,Billy Gunn - Say When,Shirts
Billy Gunn,29.99,The Acclaimed - Scissor Me Daddy Ass,Shirts
Best Friends,4.99,Best Friends - Sticker 6 Pack,Stickers
Best Friends,24.99,"Best Friends - Best Skeletons 12""x44"" Gym Towel",Towels
Best Friends,29.99,Best Friends - Tie Dye Snapback Trucker Cap,Headwear
Best Friends,29.99,Best Friends - Forever,Shirts
Best Friends,29.99,Best Friends & Orange Cassidy - Best Friends Trio Cartoon,Shirts
Best Friends,29.99,Best Friends - Hug,Shirts
Best Friends,29.99,Best Friends - Trent? & Chuck,Shirts
Best Friends,29.99,Best Friends - Trent's Mom,Shirts
Best Friends,29.99,Best Friends & Orange Cassidy - Best FIENDS,Shirts
Best Friends,29.99,Best Friends & Orange Cassidy - Bestest Friends,Shirts
Best Friends,34.99,"Best Friends ""Legacy"" - AEW x Clotheslined Apparel - Vintage Triblend Soft T-shirt",Shirts
Best Friends,29.99,Best Friends & Orange Cassidy - Best Friends Christmas Cartoon,Shirts
Best Friends,29.99,Best Friends & Orange Cassidy - Valentine's Day,Shirts
Best Friends,29.99,Best Friends & Orange Cassidy - St. Patrick's Day,Shirts
Best Friends,29.99,"Kris Statlander, Orange Cassidy & Best Friends - Extra Terrestrial",Shirts
Best Friends,34.99,Best Friends - Best Skeletons (Double-Sided),Shirts
Best Friends,34.99,Best Friends  - Ring Tie Dye,Shirts
Austin Gunn,4.99,Gunn Club - Family is Forever Sticker,Stickers
Austin Gunn,29.99,Austin Gunn - Son of a Gunn,Shirts
Austin Gunn,29.99,Gunn Club - Caricature Tee,Shirts
Austin Gunn,29.99,Gunn Club - Sons of a Gunn Admit Two,Shirts
Aubrey Edwards,29.99,Aubrey Edwards - I Said Two,Shirts
Aubrey Edwards,29.99,All Elite Referees - Rhombus,Shirts
Aubrey Edwards,29.99,Aubrey Edwards - Anime Dreams,Shirts
Athena,29.99,Athena - The Fallen Goddess,Shirts
Arn Anderson,50,Arn Anderson - Official AEW Autographed 8x10,Autographed Items
Arn Anderson,29.99,Arn Anderson - Coach's Corner,Shirts
Arn Anderson,29.99,Arn Anderson & Brock Anderson - Reflection,Shirts
Anthony Bowens,29.99,Anthony Bowens - Critically Acclaimed (100% Royalties Donated To The Trevor Project),Shirts
Anna Jay,24.99,Anna Jay - AEW Unmatched 3,Figures
Anna Jay,29.99,Anna Jay - Queen Slayer,Shirts
Anna Jay,29.99,Anna Jay - Darkstar,Shirts
Anna Jay,29.99,Anna Jay - Will Choke You Out,Shirts
Angelo Parker,29.99,Cool Hand Ang - Slick,Shirts
Angelo Parker,29.99,AEW Blood and Guts 2022 Event T-Shirt,Shirts
Angelico,29.99,Angelico - Reboot,Shirts
Andrade El Idolo,35,Andrade El Idolo - Official AEW Autographed 8x10,Autographed Items
Andrade El Idolo,29.99,Andrade El Idolo & Jose - El Infierno,Shirts
Andrade El Idolo,29.99,Andrade El Idolo - The Face of Latinos,Shirts
Andrade El Idolo,29.99,Andrade El Idolo - Black Mask,Shirts
Andrade El Idolo,29.99,La Faccion Ingobernable  - Los Autenticos,Shirts
Andrade El Idolo,29.99,Andrade El Idolo - Tranquilo,Shirts
Allie,29.99,Allie - AlliElite,Shirts
Allie,29.99,Allie - The Bunny,Shirts
Allie,29.99,"The Butcher, The Blade & The Bunny - Cartoon",Shirts
Allie,29.99,The Bunny - Mask,Shirts
Allie,29.99,The Bunny - Let's Play,Shirts
Alex Reynolds,34.99,AEW ALL OUT 2022 - Matchups Tee (Front Print Only),Shirts
Adam Cole,14.99,Adam Cole Holiday 2022 Ornament (Limited Edition 200 Available),Accessories
Adam Cole,12.99,Adam Cole - All About the BOOM! Limited Collectors Pin,Lapel Pins
Adam Cole,34.99,Adam Cole - Bay Bay - Limited Edition Print By Dorsey Art ??? Only 300 Available (Hand Numbered 1-300),Posters
Adam Cole,13.99,Adam Cole - All Elite BAY BAY 11 oz. Mug,Drinkware
Adam Cole,4.99,Superkliq - Kiss of Death Sticker,Stickers
Adam Cole,4.99,Adam Cole - All Elite BAY BAY Sticker,Stickers
Adam Cole,14.99,Adam Cole - Superkicks x AEW Series 1 Socks,Footwear
Adam Cole,29.99,"Adam Cole - AEW 2022 Summer Series 30""x60"" Beach Towel",Towels
Adam Cole,49.99,Adam Cole - Cole In Your Stocking Holiday Sweatshirt,Sweatshirts & Jackets
Adam Cole,54.99,Adam Cole - All Elite BAY BAY Zip Hoodie (Double Sided),Sweatshirts & Jackets
Adam Cole,24.99,Adam Cole - All About The BOOM! Cuff Beanie,Headwear
Adam Cole,26.99,Adam Cole - All About the BOOM! Flatbill Snapback,Headwear
Adam Cole,29.99,Adam Cole - All Elite BAY BAY,Shirts
Adam Cole,29.99,Superkliq - Kiss of Death,Shirts
Adam Cole,29.99,Adam Cole - BOOM!,Shirts
Adam Cole,29.99,Superkliq - Party,Shirts
Adam Cole,29.99,Britt Baker & Adam Cole - DMD BAY BAY,Shirts
Adam Cole,29.99,Adam Cole - The BOOM - AEW x Clotheslined Apparel,Shirts
Adam Cole,34.99,AEW Revolution 2022 - Matchups Tee,Shirts
Adam Cole,29.99,Undisputed Elite - Undisputed,Shirts
Adam Cole,29.99,Adam Cole - USA BAY BAY,Shirts
Abadon The Monster,29.99,"Abadon - Queen of Rot SUBLIMATED FLAG - 60"" X 35""",Flags
Abadon The Monster,12.99,Abadon - Smile Mask w Filter Pocket (Includes 2 Filters),Masks
Abadon The Monster,29.99,Abadon - Living Dead Girl,Shirts
Abadon The Monster,29.99,Abadon - The Dead Girl,Shirts
Abadon The Monster,29.99,Abadon - The Monster,Shirts
Abadon The Monster,29.99,Abadon - Chained,Shirts
Abadon The Monster,29.99,Abadon - Poster,Shirts
Abadon The Monster,29.99,Abadon - The Living Dead Girl,Shirts
Abadon The Monster,29.99,Abadon - Queen of Rot,Shirts
